amount,due_date,payment_status,user_id
1807.01,2024-12-04,Paid,abacd1bb-982a-48af-8e5b-248048dc3711
818.9,2024-12-24,Paid,6e59eef3-2f8b-412c-81c6-a7e70b359143
678.8,2024-12-26,Paid,48a70efb-afc7-4550-a788-ad8aced83874
1862.71,2024-12-06,Paid,5689cfd3-ec6a-42db-bfab-9ea119d6fab4
1839.83,2024-12-08,Paid,4c6657b7-4bd7-4e77-8f50-d6d3a06f29dc
655.7,2024-12-20,Paid,9f07fd49-6c4d-4e9a-bf5e-1e32d7ca4161
1421.04,2024-12-21,Pending,cbc5ed05-49b6-494c-b155-a5ad0e373ca4
1594.71,2024-12-04,Paid,02b5475a-f1c0-4d22-9029-7361e72ff563
1427.47,2024-12-11,Paid,9f947189-787b-4076-a02f-1e8580cbc9eb
1214.62,2024-12-06,Paid,7c7104a8-4a76-4bb7-9fa9-4e832458a4b5
1534.94,2024-12-01,Paid,1b9c35ae-91e1-4488-b849-c3350010eb35
1953.16,2024-12-14,Paid,fc321b67-d4d4-407a-a3c0-314f7c19c74f
1948.78,2024-12-06,Paid,37772836-3143-4eb7-8148-8c75006b293a
1547.63,2024-12-28,Paid,2ef6ffd6-f9a3-4b3c-b58b-fe840fc0254a
978.27,2024-12-08,Paid,50fe6fe4-dd5e-4c43-adaa-2aebb1b5f12c
706.34,2024-12-25,Paid,c7e7d387-6503-410a-ad22-6caea1e575ec
590.75,2024-12-26,Paid,5b29a7ab-83cc-4e1e-ab1e-620f8d55ce74
1643.13,2024-12-04,Paid,b9a7f478-471f-42e0-b50e-7595bd82a0e2
1856.46,2024-12-22,Paid,63c51978-7f82-464f-8fac-82dda3063c62
1344.71,2024-12-20,Paid,fcb600d7-a846-457c-93e8-453f494ef2b0
1532.4,2024-12-17,Paid,ca1dfbe7-a09b-4a13-9208-b61c6dd73440
1524.83,2024-12-16,Paid,06522faf-a3ca-4828-a17f-93f51e59eab6
669.63,2024-12-24,Paid,b764a8d4-4f1b-4d00-b647-3f7459fd7198
1669.63,2024-12-10,Paid,de9b13db-ce86-47df-ad77-91751860db05
698.77,2024-12-14,Paid,3129eaa4-63a8-421d-88b0-f916bdad7a9b
971.92,2024-12-04,Paid,95721145-65e4-485b-92b2-e6e1af1438d0
586.98,2024-12-12,Paid,b528fbcd-b861-4d50-b9d3-cf8d84c1d535
668.51,2024-12-26,Paid,aabf4648-e06d-4320-8f6a-14811e78ae9b
767.74,2024-12-10,Paid,2477582e-6290-46c7-9910-6de62c204ce3
534.89,2024-12-10,Paid,92aff663-3e08-42e7-9fb0-3e0e569a7971
1360.22,2024-12-24,Paid,66be52f7-5124-4147-b6cd-b0dc78806642
950.53,2024-12-11,Paid,1dc47704-2763-4e7f-b544-5a9353871373
583.43,2024-12-25,Paid,a2cfd8a9-79ac-4254-ad64-0d542e5fe9df
806.63,2024-12-22,Paid,4f0e5664-bc75-4ee7-9f01-3946d8c2017d
1564.62,2024-12-17,Paid,57060cfb-269d-4474-a61f-14916403acdc
1975.59,2024-12-13,Paid,52bf6b78-f9e3-472f-9b9f-434c833b6eda
533.57,2024-12-01,Paid,f2d768cd-02f0-4b29-8967-a03778874059
1128.61,2024-12-17,Paid,e3eca34f-db2f-4130-ab49-a59d84aeb95b
1738.88,2024-12-02,Paid,04d4748a-61b2-467b-a308-248d59fac863
711.91,2024-12-09,Paid,f613920e-c334-485a-9b84-adec2ea9553f
1199.19,2024-12-10,Paid,3ed98d8a-bc7c-43ed-98e4-04cfbea076f6
1118.99,2024-12-02,Paid,b1b3b88f-d9f0-4860-8d7b-8ec657d69c35
1026.57,2024-12-20,Paid,5609a9c1-3e75-4663-b4de-7ecd513fb05f
1595.15,2024-12-16,Paid,b89aa97c-ac26-42bf-9aea-0765014c1a92
852.64,2024-12-17,Paid,2df4dbf3-136e-40da-81ba-b733c9d1482e
637.79,2024-12-18,Paid,15cc9289-81c4-4c72-9555-a6f25e29aea9
1847.7,2024-12-12,Paid,48e7a010-a6e1-4fcd-b33b-b9f13d94e549
1176.37,2024-12-16,Paid,f0f03257-5393-4879-a5fe-e016ba11d379
1911.73,2024-11-30,Paid,e0ac2b79-0f59-44e6-a6da-1096117aef7a
1742.9,2024-12-27,Paid,04879676-a911-421f-830e-184d985a996c
1488.99,2024-12-06,Paid,cf0704df-7de3-40d0-a88d-cc5397abf01a
891.54,2024-12-22,Paid,adfba363-d923-46bf-8fcd-192777b8e859
560.95,2024-12-18,Paid,60588eb7-2f1c-435f-9c62-3e8c73de669f
549.75,2024-12-24,Paid,8177c5b5-6208-401e-8b35-f2b281c0f2dd
502.05,2024-12-08,Paid,f50e30d7-99f1-436c-bd6b-71290b176d80
1061.46,2024-12-10,Paid,93b363d2-3eb5-48f7-8877-ea432c1d9760
1691.08,2024-11-30,Paid,5fcfcd5d-34d9-4121-a7d6-24e358051988
1808.34,2024-12-14,Paid,99b1e5f0-9d05-4dc1-a051-1798765fd712
1183.74,2024-12-04,Paid,5fb86dfb-25e6-4cea-af42-de04ddb9c76f
1453.67,2024-12-17,Paid,4c59ac1f-e127-4143-9471-522304033895
1528.53,2024-12-14,Paid,6f1e71e4-92b7-4cf1-928c-5584418290b1
616.45,2024-12-27,Paid,2bbc8655-e464-4e87-a411-f7a7108a84be
833.08,2024-12-27,Paid,6987c306-27af-461f-985d-f3b35f20181e
763.63,2024-12-01,Paid,638060d1-b062-462c-995b-8cd9e11758a3
1136.1,2024-12-25,Paid,2257c5dc-1ecb-41e0-8db1-a0e44a48380c
1173.9,2024-12-28,Paid,24f36559-950a-4aa1-9436-911781f4c772
1420.74,2024-12-13,Paid,904c39f8-0960-4e98-9f92-48df30d03b31
1784.89,2024-12-24,Paid,b24f37f9-8b44-48ec-80e7-f3a79fa40794
1126.37,2024-12-11,Paid,f399f388-a6bb-4df9-8d8a-f111975e5af5
1156.06,2024-11-30,Pending,799fb034-8911-40b8-a4bd-611a350f2c19
691.41,2024-12-14,Paid,cf467fbb-7e52-4c22-8833-d78218ad06a4
1448.14,2024-12-27,Paid,286f72db-c56d-443e-bd36-b50fe1469030
1909.57,2024-12-21,Paid,57c05821-2a23-479b-a4e6-515a4487b033
1442.39,2024-12-23,Paid,970baaa7-5d85-48ca-ac35-b9875b1e1638
1911.72,2024-12-14,Paid,2e47a31e-8c72-402a-a5e7-c225980e6e2e
1591.89,2024-12-10,Paid,30823211-5bb5-477d-8ea7-8486aa5d6724
812.1,2024-12-10,Pending,a81266e7-91c1-4436-a3d7-19bfe5f84ec1
1152.85,2024-12-20,Paid,54f5615f-dfac-4f2d-af3e-8dbae2573f1d
1999.61,2024-12-11,Paid,0119c8fc-b7fe-464a-8add-987227abfaf7
1453.4,2024-12-18,Paid,670e8dde-415d-442e-9251-e4091cc380cc
1685.76,2024-12-23,Paid,759ead36-8ada-4b72-bc11-7eb6a5b424a5
1378.43,2024-12-22,Paid,fdddcdde-a422-49cb-82ed-21e5adc09d23
1890.37,2024-12-14,Pending,4646d23e-3d91-4c36-aad5-30741e0a42e9
924.45,2024-12-25,Paid,62303684-5c2a-416e-b803-5fc79bc77b1b
1133.23,2024-12-19,Paid,d1fc9b7d-530b-4795-93c2-92b4b161367c
1681.25,2024-12-18,Paid,86f85e48-c573-4d0f-8129-ed637e768aaf
1538.47,2024-12-16,Paid,dd78a64a-7579-42da-b5ee-535a656cf72c
934.59,2024-12-17,Paid,3c84688c-59a6-42c8-a5cc-6163a52b2440
979.54,2024-12-13,Paid,87ecfca0-aafd-4bcb-9fda-e20da8dbd7d0
561.29,2024-12-28,Paid,6b12a611-d2ab-4af1-bbe8-d3d97b8761c4
1992.83,2024-12-20,Paid,8dd07760-6fd1-4df3-8857-04dd6d11449e
1279.58,2024-12-17,Pending,127f73b3-ca5d-4415-8df3-0dca3a4e68ad
1784.38,2024-12-07,Paid,e195a7f3-a17a-4c1f-8ec5-bc2a3a940cfc
806.31,2024-12-17,Paid,34a1a13c-b897-4934-a51f-02102925efff
1434.47,2024-12-26,Pending,d5fcdc9f-ea2b-4c39-9bef-059456a7791c
505.88,2024-12-19,Paid,b873a197-e4da-4bde-98f7-c9c9f0b73349
1788.46,2024-12-22,Paid,588c1467-47ca-4968-8c34-ad3ffb9da9c4
1163.92,2024-12-26,Paid,38a4529f-3b93-4902-89d4-4637cd7b990a
1122.83,2024-12-26,Paid,62b49935-98a4-45ef-99bc-bd5b289a23c0
1906.01,2024-12-24,Paid,ddd69964-d047-4aa2-a9a5-d59e1ae9d03c
1718.08,2024-12-15,Paid,8ba05fb0-095e-466e-a2ad-fa3580682d0f
1934.5,2024-12-27,Paid,b14c4db0-698b-42a7-8cba-b9f07f05a7f0
1023.37,2024-12-12,Paid,8667d6f1-b5d5-4493-805a-b21e4fe8029d
944.29,2024-12-15,Paid,601fe48d-3572-4167-b71a-9fac053ff014
1199.83,2024-12-02,Paid,194762e4-c7ae-4fe1-b519-2f7d88b653f7
1549.23,2024-12-16,Pending,cd90a847-cb4f-4e46-b98b-1cb40deeaa21
1721.19,2024-12-26,Paid,cfbaf8a2-6b2a-4e68-a331-74e785082b1f
766.08,2024-12-28,Paid,a0c987a6-3c14-43c8-a202-856fef6a6e82
1536.05,2024-12-25,Paid,9842405f-34d4-4b49-bcfd-33277e3205ee
783.35,2024-12-20,Paid,be725f11-2588-4da0-b5b4-77f8e966fe74
567.92,2024-12-02,Paid,587f9faf-f176-41df-98dc-f5198d77556e
969.15,2024-12-29,Paid,1ebe15ac-69c6-479f-a01e-ec2ad671dc42
895.1,2024-12-21,Paid,ee18aab2-7e60-425b-bf71-73218992b5d4
1871.59,2024-12-20,Paid,2bcf7175-8e48-4776-810a-982b71b1d66e
1070.25,2024-12-21,Paid,08b98c81-8338-4377-84fe-e15fe63531a3
946.73,2024-12-03,Paid,30009472-68f6-4fee-9a4c-fe37be7521a5
891.92,2024-12-07,Paid,399ef84f-7854-4e0b-88b2-d9d2f735b8a8
1212.04,2024-12-28,Paid,44a8651c-4122-4775-9fb6-8e5566235b7e
1407.88,2024-12-22,Paid,754e6216-0daa-46c9-b83d-b27cef986479
970.58,2024-12-05,Paid,18a18746-0cf9-4e56-88b1-4c22f6783798
1022.39,2024-12-25,Paid,646d423f-7448-48d3-986b-a8dc90906020
816.84,2024-12-08,Paid,56fb3ace-d9cd-4b82-8b94-a1a8a9e63705
1968.09,2024-11-30,Paid,9cb13f54-164a-463f-9d5d-07cde1ea6893
1077.78,2024-12-02,Paid,c86e76cb-dd98-4eb6-9bdd-7b63b1d90592
1295.46,2024-12-02,Paid,62c2ba98-1f74-44a4-b0f9-10e25b63b069
1539.18,2024-12-07,Paid,c56ff95f-aaa5-4f5f-a390-1b50f085088c
1061.13,2024-12-17,Paid,e9231f23-90d9-4913-b9f6-6fc7e8a1d6f2
1041.77,2024-12-09,Paid,dfca7028-ffde-4106-8ea9-7ae4d3a1171c
1390.83,2024-11-30,Paid,d79f30d0-cac1-4c14-a8c7-99a9c298f40b
1068.11,2024-12-28,Paid,b982d807-0558-4c70-8663-6b6f8fa557be
1987.14,2024-12-20,Paid,ccd68b23-43ff-43e4-aca7-5b03b0bac4b4
628.2,2024-12-08,Paid,03eb9a26-9ed7-4126-a96a-e715a113f1f5
874.99,2024-11-30,Pending,dc451fd4-e75f-41a5-b95c-c3ac37266ed6
783.62,2024-12-11,Paid,4e769554-f53c-4e53-85e3-74b8bda5b98d
838.52,2024-12-29,Paid,471e0f8b-70e2-462d-bd36-363235870da1
1752.65,2024-12-27,Paid,8cfc3ea8-2290-45e7-b04e-34896aff5428
1289.26,2024-12-17,Paid,b272485d-e285-49b7-8efd-b5507b450cef
1938.65,2024-12-01,Paid,b397fdef-eca9-426a-8597-f0c71a1b07aa
1635.51,2024-12-18,Paid,65d3d42f-c027-486a-b6d5-f67717eedacb
1837.04,2024-12-18,Paid,f6dfe213-88ba-4a9f-96bb-88b5a26d94f5
1291.96,2024-12-08,Paid,8acca62b-ddee-4877-938d-7e833a6c8a31
569.88,2024-12-23,Paid,189ee81e-cc71-4d58-948d-f107b6cf727b
1380.48,2024-12-12,Paid,12dd6344-5433-45a3-9ee8-fdd1024f5a7e
1194.01,2024-12-14,Paid,32c278a5-41b8-4998-999a-51fc34e00f8c
1752.63,2024-12-06,Paid,313f7d51-190d-413b-8e53-a020c54f07be
1479.37,2024-12-07,Paid,ca774345-9270-4a9f-8b71-edeba4d42e95
1297.22,2024-12-15,Paid,849ea3b9-2c71-4d31-9315-eef8e2105e2c
1928.67,2024-12-06,Paid,f8cadce5-11a6-4608-8a34-e7a35161b23c
1390.29,2024-12-17,Paid,4f178c26-ec17-4dd7-acc7-8d90b32bb929
1902.43,2024-12-03,Paid,d61aab3a-8c2a-46d8-893d-45f72fc2a833
869.93,2024-12-23,Paid,e3d43e66-5675-4a88-9385-3c3f59012ca4
1447.31,2024-12-15,Paid,2a45be64-7bab-45bd-a349-2df3cc7e1d20
1974.25,2024-12-15,Paid,95a7e070-70c1-4d0d-b96e-071f74df1cfe
1918.51,2024-12-16,Paid,93e89a5d-87d2-4ac4-8313-2db1cf2447e9
573.87,2024-12-18,Paid,452dc02a-737f-4baa-b44a-ff47ec682907
967.03,2024-12-24,Paid,50de17ca-d78f-4c18-b155-5fe76c7bae6f
1613.74,2024-12-23,Paid,2cd2d85e-36ee-44a4-a7a8-1ec132692adc
1974.42,2024-12-21,Paid,2ce6712a-78ca-4444-a051-e9a66f53760c
1481.84,2024-12-16,Paid,66d8bef7-dd09-42d4-ac2b-fbd1564ca750
1823.42,2024-12-09,Paid,12d4b5e6-3a6c-4b31-ad45-54bc1031cc66
1999.14,2024-12-01,Paid,a5029248-b59d-4009-acb6-b1bac6b8311e
1891.1,2024-12-29,Paid,d528cc6c-53ba-4ea6-836a-c2725bb4def1
1407.51,2024-12-15,Paid,1a20dfa7-28df-4dd8-a0a5-8c4e5e8a6a0b
890.43,2024-12-22,Paid,df08e386-57df-4293-8ed6-d373a1991a71
1956.67,2024-12-14,Paid,907be950-38fd-4adf-a859-274e87f8e0bd
1497.9,2024-12-23,Paid,a69565b1-4301-4bd5-8977-46e2193bcf7e
1815.95,2024-12-27,Paid,83f7bc1c-28ce-4243-90f8-eca87ae41ecb
1193.65,2024-12-22,Paid,e245bdd2-3085-45b5-affa-af87eaf89329
1457.71,2024-12-21,Paid,9e402bd4-b60e-47bc-95e5-6af5a4b97be6
1563.17,2024-12-24,Paid,0fa4e6fa-ed62-43c7-9e58-e70a7a596124
1140.92,2024-12-24,Paid,3a31c16b-8678-4141-a835-2ddf336f1357
1038.72,2024-12-27,Paid,d7de4b1f-e3e1-4dba-8147-dd9ed14ce0a0
956.84,2024-11-30,Paid,c61b48ca-a92f-47ee-bc9c-8aa5bc76025a
1360.38,2024-12-06,Paid,0beefce9-f944-4602-8cd0-486ea308aa8d
1214.81,2024-12-05,Paid,0a93893e-4e22-473f-b977-11f4a2d7dff6
980.96,2024-12-18,Paid,f66b7a6d-356b-488e-9335-75cf58a8fdfa
1861.72,2024-12-20,Paid,c4b69609-330c-439d-b51e-5ce3120a0da8
940.82,2024-12-25,Paid,4c3b6300-8214-4ba3-ba5a-40ab67d9038f
1332.62,2024-12-19,Paid,a670338b-7ee6-4c73-9e7c-4324a9021e77
769.32,2024-12-26,Paid,65cdf311-4e41-426b-bec4-bd94839a6298
1719.31,2024-12-04,Paid,f3672992-0895-4af0-b328-6144ec84e128
1309.37,2024-12-03,Paid,0fc749e3-310d-4e5d-9d14-c720418fc540
1014.04,2024-12-16,Paid,ae4e6379-fa34-40ef-9d96-f866f1d3cfcc
916.11,2024-12-28,Paid,273aa736-e17d-4a6f-926a-5020e1e9f06e
513.8,2024-12-05,Paid,63d3a1d5-7cd1-4b32-8a6d-023699b6abfd
1020.81,2024-12-26,Paid,fcb44bfc-7c1c-4acd-9231-741aad034c94
1431.67,2024-12-05,Paid,67192f6b-ebc6-46b0-9111-b4f87085fb15
1429.48,2024-12-26,Paid,d3ec6a03-48bd-4b6d-923a-c4f8842adbce
729.17,2024-12-11,Pending,efdcc6ba-e3bc-4ca8-afff-6630dbc41cf9
1387.87,2024-12-14,Paid,7275c251-493c-4bfe-912e-e010a29036ae
800.95,2024-12-12,Paid,d72e42f8-d787-4ff9-a37d-c69a99e509b8
656.84,2024-11-30,Paid,43d28d28-f258-4302-9ca6-3d78cd01b4de
1400.19,2024-12-09,Paid,ec806915-ef3a-49dc-a74e-9f111dbc4cd0
1191.92,2024-12-10,Paid,84f677f9-6def-4794-916c-e50b64f397d0
1766.36,2024-12-10,Paid,f84e0318-7e32-4329-9192-fa88c4f7c5fa
1804.6,2024-12-20,Paid,2a11d896-d23c-4636-906b-ad73128e931b
1593.25,2024-12-16,Paid,0c878539-2ca3-4a71-a057-75bcabad2010
1627.19,2024-12-02,Paid,1d1a5c4d-960b-4684-aecd-50093e2c2065
781.4,2024-12-20,Paid,a5de8534-336f-4499-8f3f-7ee17ee3f71b
1317.36,2024-12-11,Paid,b9dd9703-33c4-444a-aa33-6d848e05cc91
1336.02,2024-12-29,Paid,565dc964-63d0-4925-81ab-bafa6438919d
1820.45,2024-12-28,Paid,a2242f87-78d5-429d-801a-d5e520d7c044
1049.06,2024-12-06,Paid,b17ca137-818d-494f-a426-44b8c699929e
1592.52,2024-11-30,Paid,08f56b63-6e8f-4433-9409-10107a408883
664.75,2024-12-25,Paid,a112bb66-af7b-4e5c-b83f-d308458b5e8b
975.96,2024-12-10,Paid,eccf9422-1900-4fd8-8328-c9b3e084a9ee
917.64,2024-12-23,Paid,0660812a-2644-4188-82c0-f05250f176ad
704.24,2024-12-22,Paid,75fe35a4-b333-4849-b6c6-e2e3338d3b99
711.45,2024-12-13,Paid,a4bb2b48-9cdf-4ae3-a10f-2b5fd22b21ac
1969.46,2024-12-15,Paid,99a3348f-63d1-4cae-94a8-d9470b86db70
1591.76,2024-12-17,Paid,0f3f0434-8598-47d5-b335-52177db2ab38
720.93,2024-12-08,Paid,b161e55b-5c0b-4024-9adc-3df988767633
738.76,2024-12-04,Paid,68f4e572-d114-4b8f-8416-36ce463c98bf
668.72,2024-12-14,Paid,ee1dba23-b7eb-47e6-a9b0-fec19f219370
1945.0,2024-12-03,Paid,d733be4d-b0a9-4d35-a2fd-49895cf429aa
790.13,2024-12-21,Paid,17a0f539-b43d-480f-84df-a17346e2796f
1528.88,2024-12-11,Paid,3e26d7c4-d3b3-419d-b9d3-b585930792d8
1559.04,2024-12-03,Paid,08988cf6-bb65-46ce-9793-aeba096bc139
678.68,2024-12-18,Paid,18b1db5d-cc66-4d0f-ba6f-be15a6a59d5e
1405.11,2024-12-16,Paid,1dcb99a0-8251-446f-b23c-4ceb386435a9
1360.17,2024-12-13,Paid,19a13865-efcd-4c04-b394-d7c3b07dbdcb
1523.28,2024-12-06,Paid,2906b654-7d36-4d73-9566-1dae569f025b
1852.1,2024-12-01,Paid,367e5cea-9b9c-4724-bb9b-d6ec5b48b635
1040.33,2024-12-16,Paid,20f9e6b4-4339-4205-a179-095287039721
1566.29,2024-12-29,Paid,88f4574f-2fe1-4442-a94b-54b0cf115b3b
1598.1,2024-12-22,Paid,5057c322-d9be-4524-b5f6-5e1b735d6151
639.79,2024-12-08,Paid,eb7b807e-d0c3-4a94-87fc-f2af8511319d
1352.3,2024-12-22,Paid,da07c4dd-5b82-4437-8181-fa66befc0d46
880.85,2024-12-06,Paid,ca912f9f-145e-46a4-85ea-0919550c23cd
808.31,2024-12-10,Paid,0da1526f-3b7b-48fb-91a0-c77e5807a3ab
889.2,2024-11-30,Paid,d15ddada-891b-40c8-a0ae-d87c29aaf557
507.56,2024-12-09,Paid,f4c928e6-34fe-4c82-a64a-28adb3f20934
1189.01,2024-12-18,Paid,2063272e-0655-4da8-a568-1faf6c551497
591.73,2024-12-07,Paid,fbb4d5cf-c288-4273-816f-1c38927f2514
1144.7,2024-12-20,Paid,f684950e-8ccc-4493-b3fb-2718526d9b52
1930.96,2024-12-25,Paid,d1c7b882-f9ee-442c-98d3-9cc7d7d2859d
1960.04,2024-12-22,Paid,5a8a0ce3-febe-48c9-9869-35e7a2ad492d
1020.54,2024-12-18,Pending,fca2d350-4eed-4bc4-9b91-a3de545c6639
927.59,2024-12-03,Paid,0e5df1af-7fde-49ee-8c45-01bcf9dfc07c
818.86,2024-12-25,Paid,bf879d59-4ada-4c9f-8ac8-fff4786d90ff
1139.81,2024-12-16,Paid,2ea5ad45-096b-48be-b70b-eedd5ceffb9c
553.27,2024-12-09,Paid,38224978-0404-4610-922a-ac5c0803e974
1578.95,2024-12-24,Paid,a8cf30d1-b0e5-4238-b415-fe23a7add83f
1988.87,2024-12-15,Paid,3e07efc0-86c9-4284-9071-2b2e0db37a0b
1802.88,2024-11-30,Paid,30337293-bc54-4ddc-a5be-5974e0a9b5b3
592.87,2024-12-15,Paid,4b544bf7-d69c-407e-afb2-99b91b9dcb4c
1988.94,2024-12-11,Paid,cc9ba26d-10aa-45ba-8ed5-d6105b7b60d0
1421.39,2024-12-01,Paid,2026c5f0-f676-4d0c-8fc1-7d4c632b24fa
1152.04,2024-12-24,Paid,ea24fda8-6cd3-4fa4-a04d-1603a2fc1c49
1543.58,2024-12-20,Paid,0240dd70-26c7-49b5-96b9-f5c4add0add7
913.87,2024-12-21,Paid,92d0b5a9-35f0-42d0-a8a9-7e0387bfe029
1275.49,2024-12-14,Paid,52d0f7c4-d3f1-4365-a734-ffdb9fc5b5e7
1474.17,2024-12-05,Paid,98cea4ce-e500-4e8d-9b98-e9c1a015aac4
509.57,2024-12-23,Paid,813bd4dc-eb8d-4bb0-b0e1-cb6ffc7e558f
1899.18,2024-12-29,Paid,65aa7dab-5306-48f4-a84c-137a854e8a11
1640.33,2024-12-15,Paid,acf3f04c-2404-4614-af09-41cec141e5d3
1711.67,2024-12-10,Paid,79cca8d2-02d1-4f68-a043-a7aa76e6c9d9
1537.84,2024-12-19,Paid,b4e27b16-11d7-4f95-a9e4-f785cc8b56e2
978.24,2024-11-30,Paid,5ec7dffb-c00c-495a-9d9c-fa960f267aa6
1606.01,2024-12-09,Paid,889d87d3-f34c-4b20-ad9c-e1e1f639e76a
1709.41,2024-12-27,Paid,2efce045-192e-4de5-bdac-909df3fadce1
1515.62,2024-12-09,Paid,dba5bbe4-dec5-4b71-9c38-0a95173e36ae
1634.91,2024-12-29,Paid,6b84a9c8-91c2-428f-a6f3-860f3293be3e
1311.39,2024-12-12,Paid,0c7eb533-1229-4131-a2d8-cbdacb77f7a2
1658.45,2024-12-24,Paid,daafccf6-eebd-49d9-8c91-e986896c8cb9
1388.77,2024-12-04,Paid,0f253c99-3f59-4912-ada4-27599952678f
1488.2,2024-12-26,Paid,086bc5c6-e8a9-4c14-8225-91e73bafaa64
634.12,2024-12-21,Paid,f31d343e-2712-4e16-a8fb-6c99b5c42572
865.84,2024-12-02,Paid,dae14d74-40be-4b77-b7c6-7458e65a019b
698.31,2024-12-25,Paid,ccd254fe-e5ff-410c-b996-af32b7b14215
695.47,2024-12-16,Paid,741ba2ae-05bd-49b5-b4ad-38a65a1c9d4f
643.8,2024-12-16,Paid,28787fbc-6f1a-428c-800a-aa3d2bd825dd
1608.72,2024-12-24,Paid,8779cdab-2264-4286-b2eb-ddb2be5b0b94
1870.4,2024-12-07,Paid,a6a8b18f-e249-447a-b459-2b8fb038306d
912.11,2024-12-25,Paid,4dc65a20-ebe6-4066-97ce-336ee550b446
1694.75,2024-12-09,Paid,645ca1f3-6377-4c95-9292-5821d0db966e
1725.08,2024-12-12,Paid,a3fcf16e-2a8a-424b-9558-6ae42153fb3b
1367.91,2024-12-02,Paid,b4f97383-4625-4bc0-b340-2062e054e8ab
1697.68,2024-12-18,Paid,d71a9f8d-fe18-4936-bbec-d10c6d813707
1870.23,2024-12-22,Paid,0e791cb5-6a91-418f-a498-649970e5c8b3
1333.19,2024-12-22,Paid,7e224cae-56c5-4ad9-909a-e6e3855e8293
1059.01,2024-12-17,Paid,182ed61e-96e3-4f05-bd63-a7d334b43190
1313.57,2024-12-09,Paid,8050df6c-cc7d-4b0e-a11e-8a91ef59c9f7
1561.35,2024-12-07,Paid,8fc16e74-3337-43aa-aa4c-340bafc63b7c
1824.51,2024-12-27,Paid,018e3861-ca31-49d6-a48b-0360d3f9b972
1009.0,2024-12-21,Paid,3f2b1bb7-168d-4213-aa3f-d860b5b70969
1728.36,2024-12-29,Pending,05f6c018-e457-4d81-8daf-76e470678e99
1420.28,2024-12-18,Paid,db74aa62-ffd3-404c-a496-919139ecf8ab
840.15,2024-11-30,Paid,399cd113-d347-428a-acb7-1670382ac7a3
1536.45,2024-12-12,Pending,54805c9b-2017-4980-b459-dbd640a43e1c
1405.14,2024-12-12,Paid,7c5c3eb4-31ea-4895-9199-1f3349b94a0f
1054.76,2024-12-03,Paid,709936d8-5a52-4e59-9c88-9528cec6bf6f
800.8,2024-11-30,Paid,2db2ad7e-f947-4713-8756-575a86ccc8b4
1982.41,2024-12-27,Paid,35a90527-2ca7-4685-88fe-b97ee78fd7ac
1600.19,2024-12-14,Paid,4f5e9ab0-1b35-448b-b32d-8e6394a1da9a
1240.76,2024-12-24,Paid,16aba3c0-d1d8-4470-9e0b-684263af00f7
753.33,2024-12-26,Paid,9bfb7a9a-2621-4c7e-9386-cd082afbf206
1460.51,2024-12-07,Paid,372e05d6-2749-41ca-86fc-37900c7fa4e3
1252.37,2024-12-22,Pending,2727d3f1-ca64-4df4-b891-cbd68b4986cb
761.16,2024-12-24,Paid,e09bd648-442f-4c06-8597-978b633c5587
1969.76,2024-12-19,Paid,f43086a7-df4f-499a-b7af-5fe19f8985c0
942.59,2024-12-04,Paid,41236078-5502-4cc2-ba7f-48158257df36
738.53,2024-11-30,Paid,3af51c55-b92c-4069-b3a0-7b76f2f5a8c7
1302.38,2024-12-07,Paid,65e9ceca-db3e-4814-ae05-bda74b800933
1428.7,2024-12-19,Paid,90ccf05e-d68e-4076-afa2-717bcdf56a56
1851.52,2024-12-27,Paid,98d0aeee-5164-4a3c-aa4f-a25f0f2ba2d3
894.09,2024-12-06,Paid,d8608727-4462-4990-819f-51935ad0cebd
1003.42,2024-12-01,Paid,7e4fd7ee-e600-4514-9dcc-c8f0699a7e2b
513.26,2024-12-18,Paid,ae8a1c01-0731-4101-b8f6-0adafd0bf340
1050.6,2024-12-26,Paid,a0c8f326-b068-4b5f-b674-26ac819d7038
1450.07,2024-12-15,Paid,869a6b4c-4dcd-4919-b3d5-7f18ac166829
916.89,2024-12-01,Paid,1ddcb5b6-3965-455c-925c-75b74c23c43f
707.58,2024-12-15,Paid,92401903-2c31-41d0-882b-0ac826fe33cf
1537.28,2024-12-25,Paid,ead3a40f-4129-44a7-922f-705600ac30ec
767.31,2024-12-07,Paid,e7e9f716-3f16-4af9-89d2-3920cc311872
841.43,2024-12-26,Paid,147fae61-48c7-4dc4-bf45-58139c2f44eb
1527.34,2024-12-10,Paid,27942f46-bd3b-4912-ba63-e9804e38248b
1290.4,2024-12-23,Paid,915f2816-cccf-49cc-a024-f902b925be20
1192.37,2024-12-14,Paid,9eaccf3e-ccf3-42ef-af11-9dbab68bb9bd
1543.97,2024-12-14,Paid,569d0f6f-ed4e-4d74-a3ab-abc2bdcb194c
754.18,2024-12-13,Paid,16b7627c-cd36-466c-b0dc-90ace4d33fc3
1751.49,2024-12-26,Paid,e81461da-4d99-44fe-9f18-e259da8a0328
1837.31,2024-12-23,Paid,b7b0e2f5-40b6-402d-b515-a58ca43439be
1133.33,2024-12-05,Paid,00602000-b67b-4d7c-8cf7-3fecd320fd04
1470.34,2024-12-29,Paid,c0f7ec4c-f67a-43c5-bc43-739e957ce369
1054.93,2024-12-02,Paid,0538b0bd-8020-4d21-aed6-431c680670b2
894.89,2024-12-11,Paid,2fce4b3f-40e8-4b89-8003-652fd68c3f30
1114.68,2024-12-27,Paid,cac414b1-9702-45e5-ba0a-79dc271d1f84
1463.09,2024-12-03,Pending,857137e9-0e72-4030-93b4-d9600a097088
1303.94,2024-12-19,Pending,9b0c924d-1060-45d5-8d67-3637b6a5894b
890.66,2024-12-12,Paid,832aaeea-117b-4197-b63f-9e993a7bb2a3
867.1,2024-12-04,Paid,cfb808e5-2b97-4fa2-a574-42a0a02a1c4d
1321.19,2024-12-14,Paid,af4a7a14-9171-4472-9fbd-4739da8437b4
1345.93,2024-12-22,Paid,4a228af5-1035-4bb0-a1ae-8194d6e6f0fd
1611.0,2024-12-29,Paid,c7e01a23-d333-46eb-8164-006019665eba
561.21,2024-12-03,Paid,d20cdbea-ee11-4b25-a3dd-f19084d257ab
1859.9,2024-12-21,Paid,ddf1274f-ee5b-452b-8f9e-536487889b58
967.79,2024-12-25,Paid,cd92490b-acc0-477e-84b5-ac0b40d55228
556.81,2024-12-02,Paid,e19ecebb-3b36-46cd-b92f-f2ecc06f9871
891.12,2024-12-16,Paid,3842efc9-5c4e-4796-9ff9-53403b4b1339
1391.98,2024-12-06,Paid,5a6b133d-9910-4b62-8b48-d52ab8fe4141
526.5,2024-12-25,Paid,99b2538e-7b69-4d10-97ae-345138fa61f9
811.66,2024-12-01,Pending,74fcbad9-cdc5-44e3-b370-7a06bce527c5
748.84,2024-12-25,Paid,f7800c9f-5498-4777-9ff7-b043e7df93ef
1693.89,2024-12-03,Paid,7b7b435b-2111-485e-b7fe-dcd888ec21f4
1749.58,2024-12-01,Paid,92ae61a6-d5f9-4c7b-9cf0-71494d5f4b8e
1574.83,2024-12-23,Paid,00c0e163-4a67-4f7d-adfd-3a5d515fdf3f
1895.49,2024-12-16,Paid,aa54ba0c-aab9-4de6-af3c-52e856389d98
1853.36,2024-12-17,Paid,c61eb4e9-4854-4265-ba76-8fe3120a74a0
1472.7,2024-12-20,Paid,c1fced79-72fe-40d9-9b51-e847a9b41198
876.99,2024-12-04,Paid,733abcbc-928b-45cc-a288-ef4aa5953a03
522.98,2024-12-10,Paid,bd60c770-60ed-41be-a0fc-db77ce1b0b77
1221.49,2024-12-23,Paid,d12be4a3-aa80-4a3b-b242-a68a6545b106
1605.4,2024-12-26,Paid,33856d8c-b905-470d-a089-d11080758773
1441.06,2024-12-20,Paid,32a092f5-3212-4863-81d7-8c1c324cdcf8
709.98,2024-12-19,Paid,a0fc9db4-ee3a-43b3-8de6-90fdad3bd7d1
1004.8,2024-12-07,Paid,5e5d417a-c84f-4310-991e-a5b53be1c57a
970.04,2024-12-14,Paid,8a0157fb-8929-4c14-b213-c1097b58558d
1218.54,2024-12-25,Pending,8f89d9b3-8601-4159-b714-01aad8992cf2
846.72,2024-12-24,Paid,a76eaa54-08ac-48fd-bcde-4e7b6421c052
597.97,2024-12-12,Paid,f1264064-5517-4e96-a8de-e50bc11b05ca
1507.28,2024-11-30,Pending,8a3f1945-e424-46b9-a537-62fe1c4e29d1
820.11,2024-12-28,Paid,b8f69632-465c-4f37-af11-73d5afe9be6a
1951.17,2024-12-27,Paid,9f2596ad-8d79-4536-82e9-8baa5c7f7925
1094.55,2024-12-13,Paid,e5bdbba4-bee4-40ca-b303-c0e5be7ea0b7
807.13,2024-12-15,Paid,35305eee-3d0f-40e4-9786-762d36339665
1020.55,2024-12-20,Paid,8da92171-49c2-42fd-bf6a-e3e29cd2893d
913.13,2024-12-27,Paid,0512feca-5e84-4217-8e8e-8fe2516104ee
1501.19,2024-12-18,Paid,4ff813b0-3506-4edd-a492-19aafdfe69a9
1414.77,2024-12-09,Paid,21aba3de-d392-4250-8b1b-fcc23f8790ae
1901.2,2024-12-03,Paid,444c2ef0-de17-4026-86fd-c8d877e3ecd0
1482.13,2024-12-28,Paid,4be46443-94a3-4e5b-9d00-fd5555b21726
1784.58,2024-12-04,Paid,cdf0639b-c20f-45e9-91b2-32e41457b469
1875.12,2024-12-13,Paid,27169278-5daa-4e1a-8080-fa1842ecbf67
1446.37,2024-12-20,Paid,98ca46e8-dc3e-4f45-8107-f17e3086c10c
542.29,2024-12-03,Paid,83e18439-1fff-43aa-80f6-48d51492fdb5
1575.77,2024-12-11,Paid,34a41733-5d66-4d34-95ee-5906679b4e32
1759.46,2024-12-03,Paid,b582112e-cbeb-4222-9716-f82d6e1ea30b
702.96,2024-12-27,Paid,d84841b9-4b02-46d0-b361-079f6894e72c
1057.04,2024-11-30,Paid,6f1b29ab-396a-4613-ac3e-60418bce3644
776.73,2024-12-17,Paid,51f991cc-6961-4360-8082-800d8114bba2
1196.87,2024-12-26,Paid,07475999-d3d8-4514-b9f6-139287d98bf5
1562.93,2024-12-11,Paid,2fe77c0a-a17e-4336-87d6-9cf81e35acb2
566.46,2024-11-30,Paid,a121e699-6141-4bcc-9235-d7403be2ff87
1454.71,2024-12-06,Paid,b2bc54f7-5ef8-401f-9af1-5070f4b40fef
1604.71,2024-12-01,Paid,894a18ce-3776-4dad-a6df-f1878b98877e
795.89,2024-12-22,Paid,4312c377-b845-4366-a9e9-eb95df70b9f2
818.78,2024-12-08,Paid,7030b471-abcd-4ceb-9fd7-357dc1052422
682.82,2024-12-20,Paid,defb5b4e-b6f3-40e3-9b56-325edcffc38d
895.91,2024-12-19,Paid,0d51e75f-dea1-4b18-bc44-46d874434f73
567.57,2024-12-28,Paid,8c8e1bed-b35c-4d71-98cd-127b1dce5d42
994.55,2024-12-28,Paid,9c1588bd-185b-47ad-82fa-32ffe357e0fa
1857.88,2024-12-08,Paid,71f56c39-7c88-4577-88bc-96c5ef12ee38
1666.46,2024-12-08,Paid,aa4a8213-df00-4444-9cba-6a618760027e
795.98,2024-12-29,Paid,a04dcfaf-8d6a-494a-8288-ab9a57769290
656.96,2024-12-27,Paid,98d9c53e-541f-4894-b931-371abfc3cbbc
1753.66,2024-12-28,Paid,97c299e1-d740-4756-8de8-3db92446f073
1604.24,2024-12-04,Paid,c2571e98-653d-45b6-8d80-c5e58e16d8a9
976.22,2024-12-17,Paid,bcf72115-dcb4-4bf7-a593-adfdffbb059a
1980.92,2024-12-13,Paid,f06e71dc-4cc5-4db6-ad35-52bb2501d4be
904.07,2024-12-24,Paid,199f9657-b2a6-4408-ada5-651ad2febece
1327.77,2024-12-13,Paid,5af4321d-4785-48f2-b15b-745796b3dc2c
1912.33,2024-12-16,Paid,0dd79553-6416-464c-9a08-c1b0d6945051
928.52,2024-12-11,Paid,bdf4d7bf-f76a-4175-b6f9-4edd0c80b5e6
1574.38,2024-12-24,Paid,3224808e-5d86-4d9f-80b1-62bfe48955eb
1077.39,2024-12-16,Paid,74bc5d8d-10db-4253-923c-dc058d8efcf2
1333.42,2024-12-12,Paid,9ecaf911-e227-4f4b-909b-e27df02cbe81
1203.32,2024-12-09,Paid,2f0ad8a1-5bf0-4960-a6ab-4117f7edeb8b
1767.97,2024-12-05,Paid,f219e6e0-a741-4208-aa6c-05425cd7998a
887.69,2024-12-09,Paid,9c7c4acc-e3a1-4aa9-a68f-892fb9cbe5b7
1785.39,2024-12-18,Paid,dd790da7-8e36-44cc-ab20-959c85d8a779
1029.69,2024-12-22,Paid,7bae2be9-9e4d-45cd-b8fc-794a0e55e0e6
959.35,2024-11-30,Paid,7a2090c9-4aea-4346-9b72-8cc2b5b0ec67
966.53,2024-12-11,Paid,fbf66799-a8c1-46e6-b315-04a551ef64e7
636.69,2024-12-11,Paid,660d02f4-12f5-4989-87a5-2a7348d7a27d
1180.12,2024-12-10,Paid,7ba6df7a-77a6-4318-a766-28fac009890f
1600.83,2024-12-21,Paid,2db1983b-665d-4e65-bd81-1aae1079cb65
986.49,2024-12-01,Paid,fc9ab75f-1fb0-445b-827f-f8c22b37c1a0
564.74,2024-12-01,Paid,ba4400e3-9315-421d-b294-793638fd8958
972.83,2024-12-07,Paid,07c4569f-687b-4507-848b-ad6eeadde676
1190.28,2024-12-04,Paid,852c6d56-c57b-498d-971b-c34cc9f7ee35
1018.57,2024-12-26,Paid,1689a513-0ffc-45e3-afc4-a05b691a76bf
1592.72,2024-12-29,Paid,277d2cd2-ae0e-46a2-af7b-75ee785aaba1
1809.7,2024-12-11,Paid,afd756ee-0e01-46b7-8019-b43278e6ed7e
1664.79,2024-12-12,Paid,e156c223-72a6-4ec8-b2e1-21bf89a1098f
1275.85,2024-12-21,Paid,7563a11b-73af-410e-a1a9-874eb2a3a6a3
792.68,2024-12-19,Paid,f5fab7b0-7163-4e42-9e61-34f98fe67ef5
987.02,2024-12-08,Paid,f31d03cb-7081-4e24-b3b1-21f17fc93d49
1841.12,2024-12-01,Paid,a3e86a79-17e1-4028-8624-53d0a5de31eb
1035.16,2024-12-28,Paid,11f76f2f-9d7e-43e2-8191-dbbfa374ba91
1438.75,2024-12-11,Paid,437038cc-ed15-4eef-83f4-d9c52b17202e
544.35,2024-12-05,Paid,beb9b011-3e0f-4f44-8518-8f281c434de1
750.01,2024-12-01,Paid,a9be51d4-e9c4-4e40-b4c3-96b0cc1bd9ba
1769.71,2024-12-24,Paid,0a6b4ae3-3cc1-4d8f-92f0-344745011b33
1917.75,2024-12-12,Paid,f4feb5c3-d847-4567-bd78-8bc0371dcecd
961.52,2024-12-07,Paid,f5b83a75-6a6f-4a37-a748-387c68694fc3
1173.59,2024-12-07,Paid,24b198f9-25f4-4928-b292-9f62d316a5fa
1818.37,2024-12-22,Paid,23b66e3a-87cb-4911-845e-dc6a02f6006a
1353.54,2024-12-24,Paid,fff32de3-01d5-4994-9f78-744bd7cbe290
939.84,2024-12-02,Paid,f0a3dde6-0423-49d9-9362-4e2903e5963f
866.38,2024-12-15,Paid,2d5e467c-5acd-404f-aec7-d64bb743726c
954.85,2024-12-01,Paid,2fc6548f-e978-4c84-b756-5cac9bcee261
863.8,2024-12-08,Paid,077aa7ce-b081-4980-a0c6-1f8a4eea1796
1384.35,2024-12-11,Paid,75f8f3b1-f1ac-47e4-a8d6-d1826d2fe5b3
1766.37,2024-12-18,Paid,ae913a1d-327e-4347-9293-128bbb9bee07
1193.43,2024-12-02,Paid,975dc284-79a4-49d9-9d3c-1bb9a8120f89
1139.5,2024-12-02,Paid,717ed559-fae1-439d-af86-e40140684c56
1648.47,2024-12-03,Paid,1456b74a-2227-456d-89df-eaec73836292
652.61,2024-12-11,Paid,09802388-8a21-4215-8d9a-7eab682c4eb0
1924.22,2024-12-16,Paid,2461a04c-dc07-4e11-a3ab-3474780d7a31
997.09,2024-12-16,Paid,4351d985-2e00-4096-b239-ea170f6578db
1980.29,2024-12-01,Paid,2bbcccbe-15e0-4de6-9fe9-f3ef33090fee
1550.73,2024-12-28,Paid,ff1b911c-56d7-4176-b323-c1449b1d25b6
920.18,2024-12-16,Pending,2684debd-bfb8-4d9f-9d48-f35343172bb5
1761.22,2024-12-05,Paid,14a612c6-5793-4027-ae63-f7d5bf12cc6f
1266.16,2024-12-14,Paid,b45be878-5567-4668-88bc-7e747afb9d19
1996.43,2024-11-30,Pending,061f0274-de48-4ff9-9b0e-62671cdf462f
1954.92,2024-12-01,Paid,e41c929c-24da-4552-aba4-deb96725dedb
535.83,2024-12-29,Paid,b32086c4-d65e-4d21-9f40-6bc6b2abc511
1491.19,2024-12-29,Paid,e013a539-7ee1-4eec-a1ef-0537ca18256e
1990.78,2024-12-01,Paid,8c5e03b3-7f4e-4b03-91fa-026cd0e060b0
1816.04,2024-12-06,Paid,c8860406-a924-4cb3-ba81-3d6a17714ff8
1821.31,2024-12-29,Paid,4a321dba-579f-4c1a-a5b9-55cc1b3b221d
1905.36,2024-12-18,Paid,d82a49fd-ff04-4e06-9bd2-c4b358dc2a0a
1251.47,2024-12-14,Paid,4c383322-5c6a-42c4-8bc7-0a0c99e87ae3
921.82,2024-12-02,Paid,a232915b-696b-4860-9dd4-e32ff6faa658
1221.32,2024-12-05,Paid,b8d1c138-3d96-4436-bced-550f3d9106b3
1181.38,2024-12-07,Paid,c068845a-906b-48b3-bf19-401c88a18c65
783.19,2024-11-30,Paid,57b72088-031d-474c-9ade-fbf563b0e60f
1369.72,2024-12-28,Paid,5f2e3d8e-7241-4a4f-8ff8-2b979ff79c63
1296.73,2024-12-26,Paid,2bce19f5-9bcf-4fd5-9b45-58493def9a91
1047.78,2024-12-18,Paid,41b26266-3044-4e18-9ba7-eb1b36c89382
1628.47,2024-12-29,Paid,d8ac6c24-af06-4482-8d75-6e43e617cc49
1760.69,2024-12-08,Paid,ccbaf25c-ee87-4d6f-9468-fb6e63725614
592.76,2024-12-03,Paid,44543045-159b-4334-8bd0-ee5632ca54bf
1377.8,2024-12-02,Paid,86e11f28-983f-4a3a-8327-2614e475f7f2
1746.22,2024-12-14,Pending,d5f00ee6-b707-4493-9f2e-c6f1e6310bf0
800.19,2024-12-02,Paid,e33a1f15-9097-4526-95be-11419b1ed950
1985.99,2024-12-28,Paid,972ff7bc-07fe-4bf2-98be-28acf14dc0a8
1261.8,2024-12-22,Paid,86173d95-212a-4038-9c8d-7a35cf9a8db4
1381.76,2024-12-21,Paid,c47e84b2-168c-4799-ae4b-527efd9e5277
1555.72,2024-12-19,Paid,fd40f6b4-c149-4f19-ab83-987b2e130056
1675.77,2024-12-05,Paid,7bba6efb-97bf-4c26-8c0b-a4f94085c817
1436.02,2024-12-15,Paid,0e97f003-4610-4535-b046-7ae5665faa63
1266.4,2024-12-27,Paid,6d3ea952-104a-45db-85ac-31eabfdaea0d
1225.1,2024-12-10,Paid,44e01b9a-f068-4fa2-a437-ed3e5e84a487
980.52,2024-12-11,Paid,a4d1a185-8d0d-4cfd-a849-6d8b263df02d
1732.55,2024-12-02,Paid,250018c5-d3e6-46fe-8a7c-a8195066963e
1411.74,2024-12-10,Paid,4c64a949-96be-4220-a7f5-ff58ce4d80d7
1025.46,2024-12-22,Paid,ddc32feb-e7dd-49bb-b56d-27217f9e4e11
757.95,2024-12-22,Paid,806d5e54-0b02-4447-88d2-f539c614d278
1357.32,2024-12-11,Paid,98a06f52-9eb9-4744-b9f1-eed26ba29694
810.38,2024-12-01,Paid,6d8ae2e7-4b8f-42b5-af29-8fb9935f20a7
1743.0,2024-12-23,Paid,cfa5c5bd-7edd-40e8-a4ec-b4d2e8c3358d
822.18,2024-12-17,Paid,de5e81bd-c288-4821-afb1-6a6e91d7a595
1717.82,2024-12-02,Paid,9917b1ca-9dd0-484b-ac81-8d1a665e2951
1333.46,2024-12-10,Paid,cd016bf7-c7b3-485f-b56c-4ab972e81a54
1677.7,2024-12-22,Paid,c06bb342-db3d-4fe7-bb41-e9c177f12421
1337.09,2024-11-30,Paid,d1207d02-6d74-4622-a5c3-a73a8adc57fd
970.37,2024-12-27,Paid,889a4ec7-f285-4a44-a072-24916ce4115f
