credit_score,risk_category,payment_default_probability,financial_stability_score,creditworthiness_rating,behavioral_score,employment_stability_score,user_id
625,Medium,0.26,59,B,40,30,abacd1bb-982a-48af-8e5b-248048dc3711
496,High,0.42,35,D,100,45,6e59eef3-2f8b-412c-81c6-a7e70b359143
505,High,0.4,37,C,100,100,48a70efb-afc7-4550-a788-ad8aced83874
466,High,0.45,30,D,100,30,5689cfd3-ec6a-42db-bfab-9ea119d6fab4
668,Medium,0.21,67,B,60,60,4c6657b7-4bd7-4e77-8f50-d6d3a06f29dc
615,Medium,0.28,57,B,100,90,9f07fd49-6c4d-4e9a-bf5e-1e32d7ca4161
436,High,0.49,24,D,80,30,cbc5ed05-49b6-494c-b155-a5ad0e373ca4
527,High,0.38,41,C,100,75,02b5475a-f1c0-4d22-9029-7361e72ff563
566,High,0.33,48,C,80,100,9f947189-787b-4076-a02f-1e8580cbc9eb
541,High,0.36,43,C,60,0,7c7104a8-4a76-4bb7-9fa9-4e832458a4b5
453,High,0.47,27,D,80,75,1b9c35ae-91e1-4488-b849-c3350010eb35
446,High,0.47,26,D,60,100,fc321b67-d4d4-407a-a3c0-314f7c19c74f
586,High,0.31,52,C,100,30,37772836-3143-4eb7-8148-8c75006b293a
452,High,0.47,27,D,80,60,2ef6ffd6-f9a3-4b3c-b58b-fe840fc0254a
508,High,0.4,37,C,100,100,50fe6fe4-dd5e-4c43-adaa-2aebb1b5f12c
532,High,0.37,42,C,100,0,c7e7d387-6503-410a-ad22-6caea1e575ec
483,High,0.43,33,D,60,75,5b29a7ab-83cc-4e1e-ab1e-620f8d55ce74
607,Medium,0.29,55,B,60,90,b9a7f478-471f-42e0-b50e-7595bd82a0e2
638,Medium,0.25,61,B,100,15,63c51978-7f82-464f-8fac-82dda3063c62
519,High,0.39,39,C,100,60,fcb600d7-a846-457c-93e8-453f494ef2b0
524,High,0.38,40,C,80,100,ca1dfbe7-a09b-4a13-9208-b61c6dd73440
514,High,0.39,38,C,80,30,06522faf-a3ca-4828-a17f-93f51e59eab6
592,High,0.3,53,C,80,45,b764a8d4-4f1b-4d00-b647-3f7459fd7198
649,Medium,0.24,63,B,100,90,de9b13db-ce86-47df-ad77-91751860db05
594,High,0.3,53,C,100,30,3129eaa4-63a8-421d-88b0-f916bdad7a9b
537,High,0.37,43,C,100,75,95721145-65e4-485b-92b2-e6e1af1438d0
586,High,0.31,52,C,100,100,b528fbcd-b861-4d50-b9d3-cf8d84c1d535
500,High,0.41,36,C,100,0,aabf4648-e06d-4320-8f6a-14811e78ae9b
699,Medium,0.18,72,B,100,60,2477582e-6290-46c7-9910-6de62c204ce3
524,High,0.38,40,C,80,100,92aff663-3e08-42e7-9fb0-3e0e569a7971
688,Medium,0.19,70,B,80,15,66be52f7-5124-4147-b6cd-b0dc78806642
610,Medium,0.28,56,B,100,75,1dc47704-2763-4e7f-b544-5a9353871373
586,High,0.31,52,C,80,90,a2cfd8a9-79ac-4254-ad64-0d542e5fe9df
490,High,0.42,34,D,80,0,4f0e5664-bc75-4ee7-9f01-3946d8c2017d
465,High,0.45,30,D,100,60,57060cfb-269d-4474-a61f-14916403acdc
671,Medium,0.21,67,B,100,100,52bf6b78-f9e3-472f-9b9f-434c833b6eda
457,High,0.46,28,D,80,30,f2d768cd-02f0-4b29-8967-a03778874059
536,High,0.37,42,C,100,45,e3eca34f-db2f-4130-ab49-a59d84aeb95b
559,High,0.34,47,C,80,100,04d4748a-61b2-467b-a308-248d59fac863
582,High,0.31,51,C,100,30,f613920e-c334-485a-9b84-adec2ea9553f
601,Medium,0.29,54,B,60,60,3ed98d8a-bc7c-43ed-98e4-04cfbea076f6
607,Medium,0.29,55,B,80,100,b1b3b88f-d9f0-4860-8d7b-8ec657d69c35
487,High,0.43,34,D,100,30,5609a9c1-3e75-4663-b4de-7ecd513fb05f
479,High,0.44,32,D,80,60,b89aa97c-ac26-42bf-9aea-0765014c1a92
523,High,0.38,40,C,80,100,2df4dbf3-136e-40da-81ba-b733c9d1482e
666,Medium,0.22,66,B,60,0,15cc9289-81c4-4c72-9555-a6f25e29aea9
600,Medium,0.29,54,B,100,75,48e7a010-a6e1-4fcd-b33b-b9f13d94e549
542,High,0.36,44,C,100,100,f0f03257-5393-4879-a5fe-e016ba11d379
642,Medium,0.24,62,B,100,15,e0ac2b79-0f59-44e6-a6da-1096117aef7a
614,Medium,0.28,57,B,80,60,04879676-a911-421f-830e-184d985a996c
537,High,0.37,43,C,80,90,cf0704df-7de3-40d0-a88d-cc5397abf01a
460,High,0.46,29,D,60,0,adfba363-d923-46bf-8fcd-192777b8e859
665,Medium,0.22,66,B,80,45,60588eb7-2f1c-435f-9c62-3e8c73de669f
516,High,0.39,39,C,80,90,8177c5b5-6208-401e-8b35-f2b281c0f2dd
551,High,0.35,45,C,100,0,f50e30d7-99f1-436c-bd6b-71290b176d80
511,High,0.4,38,C,80,45,93b363d2-3eb5-48f7-8877-ea432c1d9760
625,Medium,0.26,59,B,100,100,5fcfcd5d-34d9-4121-a7d6-24e358051988
563,High,0.34,47,C,100,15,99b1e5f0-9d05-4dc1-a051-1798765fd712
588,High,0.31,52,C,100,45,5fb86dfb-25e6-4cea-af42-de04ddb9c76f
668,Medium,0.21,67,B,100,100,4c59ac1f-e127-4143-9471-522304033895
501,High,0.41,36,C,80,30,6f1e71e4-92b7-4cf1-928c-5584418290b1
586,High,0.31,52,C,100,45,2bbc8655-e464-4e87-a411-f7a7108a84be
571,High,0.33,49,C,60,90,6987c306-27af-461f-985d-f3b35f20181e
574,High,0.32,49,C,80,0,638060d1-b062-462c-995b-8cd9e11758a3
612,Medium,0.28,56,B,100,45,2257c5dc-1ecb-41e0-8db1-a0e44a48380c
551,High,0.35,45,C,60,100,24f36559-950a-4aa1-9436-911781f4c772
606,Medium,0.29,55,B,60,15,904c39f8-0960-4e98-9f92-48df30d03b31
609,Medium,0.28,56,B,60,75,b24f37f9-8b44-48ec-80e7-f3a79fa40794
548,High,0.35,45,C,60,100,f399f388-a6bb-4df9-8d8a-f111975e5af5
492,High,0.42,34,D,80,30,799fb034-8911-40b8-a4bd-611a350f2c19
566,High,0.33,48,C,80,75,cf467fbb-7e52-4c22-8833-d78218ad06a4
586,High,0.31,52,C,100,90,286f72db-c56d-443e-bd36-b50fe1469030
525,High,0.38,41,C,80,0,57c05821-2a23-479b-a4e6-515a4487b033
463,High,0.45,29,D,100,60,970baaa7-5d85-48ca-ac35-b9875b1e1638
561,High,0.34,47,C,100,90,2e47a31e-8c72-402a-a5e7-c225980e6e2e
563,High,0.34,47,C,100,30,30823211-5bb5-477d-8ea7-8486aa5d6724
501,High,0.41,36,C,40,45,a81266e7-91c1-4436-a3d7-19bfe5f84ec1
697,Medium,0.18,72,B,100,90,54f5615f-dfac-4f2d-af3e-8dbae2573f1d
700,Low,0.18,72,A,100,15,0119c8fc-b7fe-464a-8add-987227abfaf7
666,Medium,0.22,66,B,100,45,670e8dde-415d-442e-9251-e4091cc380cc
674,Medium,0.21,68,B,100,100,759ead36-8ada-4b72-bc11-7eb6a5b424a5
649,Medium,0.24,63,B,100,0,fdddcdde-a422-49cb-82ed-21e5adc09d23
615,Medium,0.28,57,B,100,60,4646d23e-3d91-4c36-aad5-30741e0a42e9
694,Medium,0.18,71,B,100,100,62303684-5c2a-416e-b803-5fc79bc77b1b
543,High,0.36,44,C,100,30,d1fc9b7d-530b-4795-93c2-92b4b161367c
500,High,0.41,36,C,100,45,86f85e48-c573-4d0f-8129-ed637e768aaf
543,High,0.36,44,C,80,100,dd78a64a-7579-42da-b5ee-535a656cf72c
568,High,0.33,48,C,80,15,3c84688c-59a6-42c8-a5cc-6163a52b2440
567,High,0.33,48,C,100,75,87ecfca0-aafd-4bcb-9fda-e20da8dbd7d0
683,Medium,0.2,69,B,100,100,6b12a611-d2ab-4af1-bbe8-d3d97b8761c4
443,High,0.48,26,D,80,30,8dd07760-6fd1-4df3-8857-04dd6d11449e
661,Medium,0.22,65,B,80,75,127f73b3-ca5d-4415-8df3-0dca3a4e68ad
597,High,0.3,54,C,100,100,e195a7f3-a17a-4c1f-8ec5-bc2a3a940cfc
542,High,0.36,44,C,100,30,34a1a13c-b897-4934-a51f-02102925efff
619,Medium,0.27,58,B,80,60,d5fcdc9f-ea2b-4c39-9bef-059456a7791c
548,High,0.36,45,C,100,90,b873a197-e4da-4bde-98f7-c9c9f0b73349
703,Low,0.17,73,A,100,30,588c1467-47ca-4968-8c34-ad3ffb9da9c4
556,High,0.35,46,C,80,60,38a4529f-3b93-4902-89d4-4637cd7b990a
570,High,0.33,49,C,100,90,62b49935-98a4-45ef-99bc-bd5b289a23c0
558,High,0.34,47,C,100,15,ddd69964-d047-4aa2-a9a5-d59e1ae9d03c
560,High,0.34,47,C,80,45,8ba05fb0-095e-466e-a2ad-fa3580682d0f
593,High,0.3,53,C,100,90,b14c4db0-698b-42a7-8cba-b9f07f05a7f0
582,High,0.32,51,C,80,15,8667d6f1-b5d5-4493-805a-b21e4fe8029d
546,High,0.36,44,C,100,45,601fe48d-3572-4167-b71a-9fac053ff014
586,High,0.31,52,C,100,100,194762e4-c7ae-4fe1-b519-2f7d88b653f7
490,High,0.42,34,D,100,15,cd90a847-cb4f-4e46-b98b-1cb40deeaa21
585,High,0.31,51,C,60,60,cfbaf8a2-6b2a-4e68-a331-74e785082b1f
571,High,0.33,49,C,100,90,a0c987a6-3c14-43c8-a202-856fef6a6e82
615,Medium,0.28,57,B,100,30,9842405f-34d4-4b49-bcfd-33277e3205ee
472,High,0.44,31,D,100,75,be725f11-2588-4da0-b5b4-77f8e966fe74
514,High,0.4,38,C,60,100,587f9faf-f176-41df-98dc-f5198d77556e
583,High,0.31,51,C,80,15,1ebe15ac-69c6-479f-a01e-ec2ad671dc42
578,High,0.32,50,C,100,45,ee18aab2-7e60-425b-bf71-73218992b5d4
563,High,0.34,47,C,40,100,2bcf7175-8e48-4776-810a-982b71b1d66e
549,High,0.35,45,C,60,0,08b98c81-8338-4377-84fe-e15fe63531a3
488,High,0.43,34,D,100,45,30009472-68f6-4fee-9a4c-fe37be7521a5
628,Medium,0.26,59,B,100,100,399ef84f-7854-4e0b-88b2-d9d2f735b8a8
577,High,0.32,50,C,80,30,44a8651c-4122-4775-9fb6-8e5566235b7e
565,High,0.33,48,C,80,45,754e6216-0daa-46c9-b83d-b27cef986479
686,Medium,0.19,70,B,100,90,18a18746-0cf9-4e56-88b1-4c22f6783798
532,High,0.37,42,C,100,30,646d423f-7448-48d3-986b-a8dc90906020
470,High,0.45,30,D,100,60,56fb3ace-d9cd-4b82-8b94-a1a8a9e63705
561,High,0.34,47,C,100,90,9cb13f54-164a-463f-9d5d-07cde1ea6893
598,High,0.3,54,C,100,15,c86e76cb-dd98-4eb6-9bdd-7b63b1d90592
517,High,0.39,39,C,80,75,62c2ba98-1f74-44a4-b0f9-10e25b63b069
632,Medium,0.26,60,B,100,90,c56ff95f-aaa5-4f5f-a390-1b50f085088c
499,High,0.41,36,D,100,30,e9231f23-90d9-4913-b9f6-6fc7e8a1d6f2
604,Medium,0.29,55,B,80,45,dfca7028-ffde-4106-8ea9-7ae4d3a1171c
509,High,0.4,38,C,40,90,d79f30d0-cac1-4c14-a8c7-99a9c298f40b
491,High,0.42,34,D,80,15,b982d807-0558-4c70-8663-6b6f8fa557be
596,High,0.3,53,C,80,75,ccd68b23-43ff-43e4-aca7-5b03b0bac4b4
489,High,0.42,34,D,100,100,03eb9a26-9ed7-4126-a96a-e715a113f1f5
447,High,0.47,26,D,80,0,dc451fd4-e75f-41a5-b95c-c3ac37266ed6
535,High,0.37,42,C,80,75,4e769554-f53c-4e53-85e3-74b8bda5b98d
581,High,0.32,51,C,100,90,471e0f8b-70e2-462d-bd36-363235870da1
619,Medium,0.27,58,B,100,30,8cfc3ea8-2290-45e7-b04e-34896aff5428
531,High,0.37,42,C,100,75,b272485d-e285-49b7-8efd-b5507b450cef
523,High,0.38,40,C,100,90,b397fdef-eca9-426a-8597-f0c71a1b07aa
511,High,0.4,38,C,100,30,65d3d42f-c027-486a-b6d5-f67717eedacb
596,High,0.3,53,C,100,45,f6dfe213-88ba-4a9f-96bb-88b5a26d94f5
479,High,0.44,32,D,100,100,8acca62b-ddee-4877-938d-7e833a6c8a31
527,High,0.38,41,C,80,0,189ee81e-cc71-4d58-948d-f107b6cf727b
496,High,0.42,35,D,80,75,12dd6344-5433-45a3-9ee8-fdd1024f5a7e
515,High,0.39,39,C,80,100,32c278a5-41b8-4998-999a-51fc34e00f8c
590,High,0.3,52,C,100,15,313f7d51-190d-413b-8e53-a020c54f07be
459,High,0.46,29,D,100,75,ca774345-9270-4a9f-8b71-edeba4d42e95
521,High,0.39,40,C,100,100,849ea3b9-2c71-4d31-9315-eef8e2105e2c
626,Medium,0.26,59,B,80,0,f8cadce5-11a6-4608-8a34-e7a35161b23c
519,High,0.39,39,C,100,75,4f178c26-ec17-4dd7-acc7-8d90b32bb929
597,High,0.3,54,C,80,100,d61aab3a-8c2a-46d8-893d-45f72fc2a833
498,High,0.41,36,D,100,0,e3d43e66-5675-4a88-9385-3c3f59012ca4
585,High,0.31,51,C,100,60,2a45be64-7bab-45bd-a349-2df3cc7e1d20
583,High,0.31,51,C,80,90,95a7e070-70c1-4d0d-b96e-071f74df1cfe
572,High,0.33,49,C,60,0,93e89a5d-87d2-4ac4-8313-2db1cf2447e9
585,High,0.31,51,C,80,75,452dc02a-737f-4baa-b44a-ff47ec682907
628,Medium,0.26,59,B,60,100,50de17ca-d78f-4c18-b155-5fe76c7bae6f
534,High,0.37,42,C,100,30,2cd2d85e-36ee-44a4-a7a8-1ec132692adc
497,High,0.41,35,D,100,45,2ce6712a-78ca-4444-a051-e9a66f53760c
552,High,0.35,45,C,100,100,66d8bef7-dd09-42d4-ac2b-fbd1564ca750
672,Medium,0.21,67,B,100,30,12d4b5e6-3a6c-4b31-ad45-54bc1031cc66
682,Medium,0.2,69,B,100,45,a5029248-b59d-4009-acb6-b1bac6b8311e
602,Medium,0.29,54,B,80,100,d528cc6c-53ba-4ea6-836a-c2725bb4def1
652,Medium,0.23,64,B,80,15,1a20dfa7-28df-4dd8-a0a5-8c4e5e8a6a0b
673,Medium,0.21,67,B,100,45,df08e386-57df-4293-8ed6-d373a1991a71
590,High,0.3,52,C,100,100,907be950-38fd-4adf-a859-274e87f8e0bd
468,High,0.45,30,D,80,30,a69565b1-4301-4bd5-8977-46e2193bcf7e
640,Medium,0.25,61,B,100,75,83f7bc1c-28ce-4243-90f8-eca87ae41ecb
465,High,0.45,30,D,80,100,e245bdd2-3085-45b5-affa-af87eaf89329
552,High,0.35,45,C,100,30,9e402bd4-b60e-47bc-95e5-6af5a4b97be6
461,High,0.46,29,D,100,75,0fa4e6fa-ed62-43c7-9e58-e70a7a596124
605,Medium,0.29,55,B,100,90,3a31c16b-8678-4141-a835-2ddf336f1357
644,Medium,0.24,62,B,60,0,d7de4b1f-e3e1-4dba-8147-dd9ed14ce0a0
606,Medium,0.29,55,B,80,45,c61b48ca-a92f-47ee-bc9c-8aa5bc76025a
465,High,0.45,30,D,40,100,0beefce9-f944-4602-8cd0-486ea308aa8d
616,Medium,0.27,57,B,100,0,0a93893e-4e22-473f-b977-11f4a2d7dff6
548,High,0.35,45,C,100,45,f66b7a6d-356b-488e-9335-75cf58a8fdfa
705,Low,0.17,73,A,80,100,c4b69609-330c-439d-b51e-5ce3120a0da8
578,High,0.32,50,C,100,30,4c3b6300-8214-4ba3-ba5a-40ab67d9038f
631,Medium,0.26,60,B,100,75,a670338b-7ee6-4c73-9e7c-4324a9021e77
685,Medium,0.19,70,B,100,100,65cdf311-4e41-426b-bec4-bd94839a6298
520,High,0.39,40,C,80,30,f3672992-0895-4af0-b328-6144ec84e128
662,Medium,0.22,65,B,100,45,0fc749e3-310d-4e5d-9d14-c720418fc540
636,Medium,0.25,61,B,100,90,ae4e6379-fa34-40ef-9d96-f866f1d3cfcc
442,High,0.48,25,D,80,15,273aa736-e17d-4a6f-926a-5020e1e9f06e
595,High,0.3,53,C,100,60,63d3a1d5-7cd1-4b32-8a6d-023699b6abfd
627,Medium,0.26,59,B,80,90,fcb44bfc-7c1c-4acd-9231-741aad034c94
481,High,0.43,33,D,100,30,67192f6b-ebc6-46b0-9111-b4f87085fb15
546,High,0.36,44,C,80,60,d3ec6a03-48bd-4b6d-923a-c4f8842adbce
561,High,0.34,47,C,60,100,efdcc6ba-e3bc-4ca8-afff-6630dbc41cf9
600,Medium,0.29,54,B,80,30,7275c251-493c-4bfe-912e-e010a29036ae
558,High,0.34,46,C,100,45,d72e42f8-d787-4ff9-a37d-c69a99e509b8
667,Medium,0.21,66,B,80,100,43d28d28-f258-4302-9ca6-3d78cd01b4de
526,High,0.38,41,C,100,30,ec806915-ef3a-49dc-a74e-9f111dbc4cd0
501,High,0.41,36,C,100,60,84f677f9-6def-4794-916c-e50b64f397d0
617,Medium,0.27,57,B,100,100,f84e0318-7e32-4329-9192-fa88c4f7c5fa
654,Medium,0.23,64,B,100,0,2a11d896-d23c-4636-906b-ad73128e931b
498,High,0.41,36,D,100,60,0c878539-2ca3-4a71-a057-75bcabad2010
587,High,0.31,52,C,100,100,1d1a5c4d-960b-4684-aecd-50093e2c2065
554,High,0.35,46,C,80,15,a5de8534-336f-4499-8f3f-7ee17ee3f71b
599,High,0.29,54,C,100,75,b9dd9703-33c4-444a-aa33-6d848e05cc91
664,Medium,0.22,66,B,80,90,565dc964-63d0-4925-81ab-bafa6438919d
585,High,0.31,51,C,80,0,a2242f87-78d5-429d-801a-d5e520d7c044
547,High,0.36,44,C,100,45,b17ca137-818d-494f-a426-44b8c699929e
639,Medium,0.25,61,B,100,100,08f56b63-6e8f-4433-9409-10107a408883
574,High,0.32,49,C,100,15,a112bb66-af7b-4e5c-b83f-d308458b5e8b
613,Medium,0.28,56,B,100,75,eccf9422-1900-4fd8-8328-c9b3e084a9ee
681,Medium,0.2,69,B,80,100,0660812a-2644-4188-82c0-f05250f176ad
576,High,0.32,50,C,60,15,75fe35a4-b333-4849-b6c6-e2e3338d3b99
510,High,0.4,38,C,60,60,a4bb2b48-9cdf-4ae3-a10f-2b5fd22b21ac
570,High,0.33,49,C,100,100,99a3348f-63d1-4cae-94a8-d9470b86db70
688,Medium,0.19,70,B,100,30,0f3f0434-8598-47d5-b335-52177db2ab38
718,Low,0.16,76,A,100,60,b161e55b-5c0b-4024-9adc-3df988767633
607,Medium,0.29,55,B,100,100,68f4e572-d114-4b8f-8416-36ce463c98bf
516,High,0.39,39,C,100,15,ee1dba23-b7eb-47e6-a9b0-fec19f219370
555,High,0.35,46,C,100,60,d733be4d-b0a9-4d35-a2fd-49895cf429aa
654,Medium,0.23,64,B,80,100,17a0f539-b43d-480f-84df-a17346e2796f
544,High,0.36,44,C,100,15,3e26d7c4-d3b3-419d-b9d3-b585930792d8
599,High,0.29,54,C,100,45,08988cf6-bb65-46ce-9793-aeba096bc139
500,High,0.41,36,C,100,100,18b1db5d-cc66-4d0f-ba6f-be15a6a59d5e
627,Medium,0.26,59,B,100,15,1dcb99a0-8251-446f-b23c-4ceb386435a9
620,Medium,0.27,58,B,100,75,19a13865-efcd-4c04-b394-d7c3b07dbdcb
598,High,0.3,54,C,80,100,2906b654-7d36-4d73-9566-1dae569f025b
686,Medium,0.19,70,B,100,0,367e5cea-9b9c-4724-bb9b-d6ec5b48b635
528,High,0.38,41,C,100,45,20f9e6b4-4339-4205-a179-095287039721
615,Medium,0.28,57,B,100,100,88f4574f-2fe1-4442-a94b-54b0cf115b3b
609,Medium,0.28,56,B,100,30,5057c322-d9be-4524-b5f6-5e1b735d6151
613,Medium,0.28,56,B,100,75,eb7b807e-d0c3-4a94-87fc-f2af8511319d
533,High,0.37,42,C,80,90,da07c4dd-5b82-4437-8181-fa66befc0d46
585,High,0.31,51,C,80,30,ca912f9f-145e-46a4-85ea-0919550c23cd
448,High,0.47,27,D,100,60,0da1526f-3b7b-48fb-91a0-c77e5807a3ab
671,Medium,0.21,67,B,80,100,d15ddada-891b-40c8-a0ae-d87c29aaf557
656,Medium,0.23,64,B,100,30,f4c928e6-34fe-4c82-a64a-28adb3f20934
635,Medium,0.25,60,B,80,60,2063272e-0655-4da8-a568-1faf6c551497
644,Medium,0.24,62,B,80,100,fbb4d5cf-c288-4273-816f-1c38927f2514
554,High,0.35,46,C,80,15,f684950e-8ccc-4493-b3fb-2718526d9b52
549,High,0.35,45,C,100,75,d1c7b882-f9ee-442c-98d3-9cc7d7d2859d
651,Medium,0.23,63,B,100,100,5a8a0ce3-febe-48c9-9869-35e7a2ad492d
532,High,0.37,42,C,80,0,fca2d350-4eed-4bc4-9b91-a3de545c6639
657,Medium,0.23,65,B,100,75,0e5df1af-7fde-49ee-8c45-01bcf9dfc07c
585,High,0.31,51,C,80,100,bf879d59-4ada-4c9f-8ac8-fff4786d90ff
477,High,0.44,32,D,100,15,2ea5ad45-096b-48be-b70b-eedd5ceffb9c
587,High,0.31,52,C,60,60,38224978-0404-4610-922a-ac5c0803e974
593,High,0.3,53,C,80,100,a8cf30d1-b0e5-4238-b415-fe23a7add83f
488,High,0.42,34,D,100,30,3e07efc0-86c9-4284-9071-2b2e0db37a0b
560,High,0.34,47,C,100,60,30337293-bc54-4ddc-a5be-5974e0a9b5b3
477,High,0.44,32,D,80,100,4b544bf7-d69c-407e-afb2-99b91b9dcb4c
496,High,0.42,35,D,100,15,cc9ba26d-10aa-45ba-8ed5-d6105b7b60d0
521,High,0.39,40,C,80,75,2026c5f0-f676-4d0c-8fc1-7d4c632b24fa
477,High,0.44,32,D,40,90,ea24fda8-6cd3-4fa4-a04d-1603a2fc1c49
615,Medium,0.28,57,B,100,15,0240dd70-26c7-49b5-96b9-f5c4add0add7
590,High,0.3,52,C,100,75,92d0b5a9-35f0-42d0-a8a9-7e0387bfe029
631,Medium,0.26,60,B,100,100,52d0f7c4-d3f1-4365-a734-ffdb9fc5b5e7
492,High,0.42,35,D,80,15,98cea4ce-e500-4e8d-9b98-e9c1a015aac4
616,Medium,0.27,57,B,100,45,813bd4dc-eb8d-4bb0-b0e1-cb6ffc7e558f
691,Medium,0.19,71,B,60,100,65aa7dab-5306-48f4-a84c-137a854e8a11
497,High,0.42,35,D,60,30,acf3f04c-2404-4614-af09-41cec141e5d3
452,High,0.47,27,D,100,60,79cca8d2-02d1-4f68-a043-a7aa76e6c9d9
513,High,0.4,38,C,100,100,b4e27b16-11d7-4f95-a9e4-f785cc8b56e2
596,High,0.3,53,C,80,15,5ec7dffb-c00c-495a-9d9c-fa960f267aa6
616,Medium,0.27,57,B,80,75,889d87d3-f34c-4b20-ad9c-e1e1f639e76a
549,High,0.35,45,C,60,100,2efce045-192e-4de5-bdac-909df3fadce1
609,Medium,0.28,56,B,100,15,dba5bbe4-dec5-4b71-9c38-0a95173e36ae
448,High,0.47,27,D,100,60,6b84a9c8-91c2-428f-a6f3-860f3293be3e
564,High,0.34,48,C,60,100,0c7eb533-1229-4131-a2d8-cbdacb77f7a2
472,High,0.44,31,D,60,15,daafccf6-eebd-49d9-8c91-e986896c8cb9
634,Medium,0.25,60,B,80,60,0f253c99-3f59-4912-ada4-27599952678f
646,Medium,0.24,63,B,100,100,086bc5c6-e8a9-4c14-8225-91e73bafaa64
633,Medium,0.25,60,B,60,30,f31d343e-2712-4e16-a8fb-6c99b5c42572
603,Medium,0.29,55,B,60,45,dae14d74-40be-4b77-b7c6-7458e65a019b
644,Medium,0.24,62,B,40,90,ccd254fe-e5ff-410c-b996-af32b7b14215
596,High,0.3,53,C,100,30,741ba2ae-05bd-49b5-b4ad-38a65a1c9d4f
483,High,0.43,33,D,100,60,28787fbc-6f1a-428c-800a-aa3d2bd825dd
560,High,0.34,47,C,100,90,8779cdab-2264-4286-b2eb-ddb2be5b0b94
506,High,0.4,37,C,100,15,a6a8b18f-e249-447a-b459-2b8fb038306d
553,High,0.35,46,C,100,75,4dc65a20-ebe6-4066-97ce-336ee550b446
453,High,0.47,27,D,40,100,645ca1f3-6377-4c95-9292-5821d0db966e
572,High,0.33,49,C,100,0,a3fcf16e-2a8a-424b-9558-6ae42153fb3b
538,High,0.37,43,C,80,75,b4f97383-4625-4bc0-b340-2062e054e8ab
658,Medium,0.23,65,B,80,90,d71a9f8d-fe18-4936-bbec-d10c6d813707
486,High,0.43,33,D,60,0,0e791cb5-6a91-418f-a498-649970e5c8b3
680,Medium,0.2,69,B,80,45,7e224cae-56c5-4ad9-909a-e6e3855e8293
508,High,0.4,37,C,100,100,182ed61e-96e3-4f05-bd63-a7d334b43190
554,High,0.35,46,C,100,0,8050df6c-cc7d-4b0e-a11e-8a91ef59c9f7
702,Low,0.17,73,A,80,45,8fc16e74-3337-43aa-aa4c-340bafc63b7c
469,High,0.45,30,D,80,100,018e3861-ca31-49d6-a48b-0360d3f9b972
633,Medium,0.26,60,B,100,0,3f2b1bb7-168d-4213-aa3f-d860b5b70969
617,Medium,0.27,57,B,80,60,05f6c018-e457-4d81-8daf-76e470678e99
457,High,0.46,28,D,60,100,db74aa62-ffd3-404c-a496-919139ecf8ab
598,High,0.3,54,C,80,0,399cd113-d347-428a-acb7-1670382ac7a3
690,Medium,0.19,70,B,100,60,54805c9b-2017-4980-b459-dbd640a43e1c
598,High,0.3,54,C,100,90,7c5c3eb4-31ea-4895-9199-1f3349b94a0f
606,Medium,0.29,55,B,80,15,709936d8-5a52-4e59-9c88-9528cec6bf6f
559,High,0.34,47,C,100,60,2db2ad7e-f947-4713-8756-575a86ccc8b4
620,Medium,0.27,58,B,80,90,35a90527-2ca7-4685-88fe-b97ee78fd7ac
528,High,0.38,41,C,80,30,4f5e9ab0-1b35-448b-b32d-8e6394a1da9a
574,High,0.32,49,C,100,45,16aba3c0-d1d8-4470-9e0b-684263af00f7
529,High,0.38,41,C,80,90,9bfb7a9a-2621-4c7e-9386-cd082afbf206
469,High,0.45,30,D,40,30,372e05d6-2749-41ca-86fc-37900c7fa4e3
554,High,0.35,46,C,100,75,2727d3f1-ca64-4df4-b891-cbd68b4986cb
551,High,0.35,45,C,100,90,e09bd648-442f-4c06-8597-978b633c5587
591,High,0.3,53,C,100,30,f43086a7-df4f-499a-b7af-5fe19f8985c0
506,High,0.4,37,C,100,45,41236078-5502-4cc2-ba7f-48158257df36
568,High,0.33,48,C,60,90,3af51c55-b92c-4069-b3a0-7b76f2f5a8c7
496,High,0.42,35,D,100,30,65e9ceca-db3e-4814-ae05-bda74b800933
602,Medium,0.29,54,B,80,45,90ccf05e-d68e-4076-afa2-717bcdf56a56
588,High,0.31,52,C,100,100,98d0aeee-5164-4a3c-aa4f-a25f0f2ba2d3
565,High,0.33,48,C,60,0,d8608727-4462-4990-819f-51935ad0cebd
597,High,0.3,54,C,100,45,7e4fd7ee-e600-4514-9dcc-c8f0699a7e2b
524,High,0.38,40,C,100,90,ae8a1c01-0731-4101-b8f6-0adafd0bf340
485,High,0.43,33,D,100,15,a0c8f326-b068-4b5f-b674-26ac819d7038
504,High,0.41,37,C,80,75,869a6b4c-4dcd-4919-b3d5-7f18ac166829
649,Medium,0.24,63,B,100,100,1ddcb5b6-3965-455c-925c-75b74c23c43f
680,Medium,0.2,69,B,100,30,92401903-2c31-41d0-882b-0ac826fe33cf
506,High,0.4,37,C,100,75,ead3a40f-4129-44a7-922f-705600ac30ec
578,High,0.32,50,C,80,100,e7e9f716-3f16-4af9-89d2-3920cc311872
537,High,0.37,43,C,100,30,147fae61-48c7-4dc4-bf45-58139c2f44eb
492,High,0.42,34,D,100,60,27942f46-bd3b-4912-ba63-e9804e38248b
615,Medium,0.28,57,B,100,100,915f2816-cccf-49cc-a024-f902b925be20
637,Medium,0.25,61,B,80,15,9eaccf3e-ccf3-42ef-af11-9dbab68bb9bd
619,Medium,0.27,58,B,80,45,569d0f6f-ed4e-4d74-a3ab-abc2bdcb194c
600,Medium,0.29,54,B,100,100,16b7627c-cd36-466c-b0dc-90ace4d33fc3
500,High,0.41,36,C,100,0,e81461da-4d99-44fe-9f18-e259da8a0328
635,Medium,0.25,61,B,80,45,b7b0e2f5-40b6-402d-b515-a58ca43439be
619,Medium,0.27,58,B,100,90,00602000-b67b-4d7c-8cf7-3fecd320fd04
417,High,0.51,21,D,80,15,c0f7ec4c-f67a-43c5-bc43-739e957ce369
656,Medium,0.23,64,B,100,75,0538b0bd-8020-4d21-aed6-431c680670b2
680,Medium,0.2,69,B,100,90,2fce4b3f-40e8-4b89-8003-652fd68c3f30
579,High,0.32,50,C,100,30,cac414b1-9702-45e5-ba0a-79dc271d1f84
660,Medium,0.22,65,B,60,60,857137e9-0e72-4030-93b4-d9600a097088
596,High,0.3,53,C,100,90,9b0c924d-1060-45d5-8d67-3637b6a5894b
591,High,0.3,52,C,100,30,832aaeea-117b-4197-b63f-9e993a7bb2a3
679,Medium,0.2,69,B,100,45,cfb808e5-2b97-4fa2-a574-42a0a02a1c4d
546,High,0.36,44,C,100,100,af4a7a14-9171-4472-9fbd-4739da8437b4
621,Medium,0.27,58,B,60,0,4a228af5-1035-4bb0-a1ae-8194d6e6f0fd
524,High,0.38,40,C,100,60,c7e01a23-d333-46eb-8164-006019665eba
687,Medium,0.19,70,B,100,100,d20cdbea-ee11-4b25-a3dd-f19084d257ab
497,High,0.42,35,D,80,0,ddf1274f-ee5b-452b-8f9e-536487889b58
610,Medium,0.28,56,B,100,45,cd92490b-acc0-477e-84b5-ac0b40d55228
519,High,0.39,39,C,80,100,e19ecebb-3b36-46cd-b92f-f2ecc06f9871
471,High,0.44,31,D,100,0,3842efc9-5c4e-4796-9ff9-53403b4b1339
546,High,0.36,44,C,80,75,5a6b133d-9910-4b62-8b48-d52ab8fe4141
576,High,0.32,50,C,100,100,99b2538e-7b69-4d10-97ae-345138fa61f9
490,High,0.42,34,D,80,30,74fcbad9-cdc5-44e3-b370-7a06bce527c5
696,Medium,0.18,72,B,100,75,f7800c9f-5498-4777-9ff7-b043e7df93ef
623,Medium,0.27,58,B,100,100,7b7b435b-2111-485e-b7fe-dcd888ec21f4
439,High,0.48,25,D,80,0,92ae61a6-d5f9-4c7b-9cf0-71494d5f4b8e
633,Medium,0.25,60,B,100,75,00c0e163-4a67-4f7d-adfd-3a5d515fdf3f
482,High,0.43,33,D,100,90,aa54ba0c-aab9-4de6-af3c-52e856389d98
552,High,0.35,45,C,80,0,c61eb4e9-4854-4265-ba76-8fe3120a74a0
509,High,0.4,38,C,100,60,c1fced79-72fe-40d9-9b51-e847a9b41198
498,High,0.41,36,D,100,100,733abcbc-928b-45cc-a288-ef4aa5953a03
560,High,0.34,47,C,80,15,bd60c770-60ed-41be-a0fc-db77ce1b0b77
593,High,0.3,53,C,40,75,d12be4a3-aa80-4a3b-b242-a68a6545b106
533,High,0.37,42,C,80,100,33856d8c-b905-470d-a089-d11080758773
570,High,0.33,49,C,80,15,32a092f5-3212-4863-81d7-8c1c324cdcf8
553,High,0.35,46,C,40,60,a0fc9db4-ee3a-43b3-8de6-90fdad3bd7d1
537,High,0.37,43,C,80,100,5e5d417a-c84f-4310-991e-a5b53be1c57a
502,High,0.41,36,C,80,15,8a0157fb-8929-4c14-b213-c1097b58558d
566,High,0.33,48,C,100,75,8f89d9b3-8601-4159-b714-01aad8992cf2
601,Medium,0.29,54,B,100,100,a76eaa54-08ac-48fd-bcde-4e7b6421c052
633,Medium,0.26,60,B,100,15,f1264064-5517-4e96-a8de-e50bc11b05ca
529,High,0.38,41,C,100,75,8a3f1945-e424-46b9-a537-62fe1c4e29d1
460,High,0.46,29,D,100,90,b8f69632-465c-4f37-af11-73d5afe9be6a
496,High,0.42,35,D,80,0,9f2596ad-8d79-4536-82e9-8baa5c7f7925
523,High,0.38,40,C,100,75,e5bdbba4-bee4-40ca-b303-c0e5be7ea0b7
533,High,0.37,42,C,100,90,35305eee-3d0f-40e4-9786-762d36339665
498,High,0.41,36,D,60,0,8da92171-49c2-42fd-bf6a-e3e29cd2893d
635,Medium,0.25,60,B,80,60,0512feca-5e84-4217-8e8e-8fe2516104ee
538,High,0.37,43,C,100,100,4ff813b0-3506-4edd-a492-19aafdfe69a9
524,High,0.38,40,C,100,15,21aba3de-d392-4250-8b1b-fcc23f8790ae
454,High,0.47,28,D,80,75,444c2ef0-de17-4026-86fd-c8d877e3ecd0
665,Medium,0.22,66,B,100,90,4be46443-94a3-4e5b-9d00-fd5555b21726
499,High,0.41,36,D,80,15,cdf0639b-c20f-45e9-91b2-32e41457b469
543,High,0.36,44,C,100,60,27169278-5daa-4e1a-8080-fa1842ecbf67
464,High,0.45,29,D,100,90,98ca46e8-dc3e-4f45-8107-f17e3086c10c
625,Medium,0.26,59,B,80,0,83e18439-1fff-43aa-80f6-48d51492fdb5
586,High,0.31,52,C,100,60,34a41733-5d66-4d34-95ee-5906679b4e32
539,High,0.37,43,C,100,100,b582112e-cbeb-4222-9716-f82d6e1ea30b
566,High,0.33,48,C,100,0,d84841b9-4b02-46d0-b361-079f6894e72c
475,High,0.44,31,D,80,45,6f1b29ab-396a-4613-ac3e-60418bce3644
691,Medium,0.19,71,B,100,100,51f991cc-6961-4360-8082-800d8114bba2
494,High,0.42,35,D,100,0,07475999-d3d8-4514-b9f6-139287d98bf5
566,High,0.33,48,C,80,60,2fe77c0a-a17e-4336-87d6-9cf81e35acb2
622,Medium,0.27,58,B,100,90,a121e699-6141-4bcc-9235-d7403be2ff87
546,High,0.36,44,C,80,0,b2bc54f7-5ef8-401f-9af1-5070f4b40fef
626,Medium,0.26,59,B,100,45,894a18ce-3776-4dad-a6df-f1878b98877e
703,Low,0.17,73,A,60,100,4312c377-b845-4366-a9e9-eb95df70b9f2
548,High,0.35,45,C,100,15,7030b471-abcd-4ceb-9fd7-357dc1052422
681,Medium,0.2,69,B,80,75,defb5b4e-b6f3-40e3-9b56-325edcffc38d
473,High,0.44,31,D,80,100,0d51e75f-dea1-4b18-bc44-46d874434f73
487,High,0.43,34,D,80,0,8c8e1bed-b35c-4d71-98cd-127b1dce5d42
676,Medium,0.2,68,B,100,60,9c1588bd-185b-47ad-82fa-32ffe357e0fa
643,Medium,0.24,62,B,100,90,71f56c39-7c88-4577-88bc-96c5ef12ee38
501,High,0.41,36,C,100,0,aa4a8213-df00-4444-9cba-6a618760027e
673,Medium,0.21,67,B,80,75,a04dcfaf-8d6a-494a-8288-ab9a57769290
673,Medium,0.21,67,B,80,100,98d9c53e-541f-4894-b931-371abfc3cbbc
533,High,0.37,42,C,100,15,97c299e1-d740-4756-8de8-3db92446f073
617,Medium,0.27,57,B,80,60,c2571e98-653d-45b6-8d80-c5e58e16d8a9
553,High,0.35,46,C,80,100,bcf72115-dcb4-4bf7-a593-adfdffbb059a
621,Medium,0.27,58,B,100,15,f06e71dc-4cc5-4db6-ad35-52bb2501d4be
567,High,0.33,48,C,100,75,199f9657-b2a6-4408-ada5-651ad2febece
536,High,0.37,42,C,60,100,5af4321d-4785-48f2-b15b-745796b3dc2c
511,High,0.4,38,C,80,0,0dd79553-6416-464c-9a08-c1b0d6945051
609,Medium,0.28,56,B,60,60,bdf4d7bf-f76a-4175-b6f9-4edd0c80b5e6
693,Medium,0.18,71,B,60,100,3224808e-5d86-4d9f-80b1-62bfe48955eb
619,Medium,0.27,58,B,100,30,74bc5d8d-10db-4253-923c-dc058d8efcf2
502,High,0.41,36,C,80,45,9ecaf911-e227-4f4b-909b-e27df02cbe81
619,Medium,0.27,58,B,100,100,2f0ad8a1-5bf0-4960-a6ab-4117f7edeb8b
567,High,0.33,48,C,100,0,f219e6e0-a741-4208-aa6c-05425cd7998a
433,High,0.49,24,D,100,60,9c7c4acc-e3a1-4aa9-a68f-892fb9cbe5b7
556,High,0.35,46,C,80,90,dd790da7-8e36-44cc-ab20-959c85d8a779
495,High,0.42,35,D,100,30,7bae2be9-9e4d-45cd-b8fc-794a0e55e0e6
549,High,0.35,45,C,100,45,7a2090c9-4aea-4346-9b72-8cc2b5b0ec67
621,Medium,0.27,58,B,100,100,fbf66799-a8c1-46e6-b315-04a551ef64e7
530,High,0.38,41,C,100,0,660d02f4-12f5-4989-87a5-2a7348d7a27d
443,High,0.48,26,D,80,75,7ba6df7a-77a6-4318-a766-28fac009890f
622,Medium,0.27,58,B,80,100,2db1983b-665d-4e65-bd81-1aae1079cb65
494,High,0.42,35,D,100,0,fc9ab75f-1fb0-445b-827f-f8c22b37c1a0
626,Medium,0.26,59,B,100,60,ba4400e3-9315-421d-b294-793638fd8958
554,High,0.35,46,C,100,100,07c4569f-687b-4507-848b-ad6eeadde676
491,High,0.42,34,D,60,0,852c6d56-c57b-498d-971b-c34cc9f7ee35
483,High,0.43,33,D,60,60,1689a513-0ffc-45e3-afc4-a05b691a76bf
495,High,0.42,35,D,100,100,277d2cd2-ae0e-46a2-af7b-75ee785aaba1
433,High,0.49,24,D,100,0,afd756ee-0e01-46b7-8019-b43278e6ed7e
575,High,0.32,50,C,80,75,e156c223-72a6-4ec8-b2e1-21bf89a1098f
529,High,0.38,41,C,100,100,7563a11b-73af-410e-a1a9-874eb2a3a6a3
688,Medium,0.19,70,B,80,0,f5fab7b0-7163-4e42-9e61-34f98fe67ef5
630,Medium,0.26,60,B,80,75,f31d03cb-7081-4e24-b3b1-21f17fc93d49
476,High,0.44,32,D,100,90,a3e86a79-17e1-4028-8624-53d0a5de31eb
557,High,0.34,46,C,100,15,11f76f2f-9d7e-43e2-8191-dbbfa374ba91
665,Medium,0.22,66,B,80,60,437038cc-ed15-4eef-83f4-d9c52b17202e
527,High,0.38,41,C,60,90,beb9b011-3e0f-4f44-8518-8f281c434de1
487,High,0.43,34,D,80,15,a9be51d4-e9c4-4e40-b4c3-96b0cc1bd9ba
616,Medium,0.27,57,B,80,45,0a6b4ae3-3cc1-4d8f-92f0-344745011b33
525,High,0.38,41,C,20,100,f4feb5c3-d847-4567-bd78-8bc0371dcecd
622,Medium,0.27,58,B,80,30,f5b83a75-6a6f-4a37-a748-387c68694fc3
592,High,0.3,53,C,80,60,24b198f9-25f4-4928-b292-9f62d316a5fa
427,High,0.5,23,D,100,90,23b66e3a-87cb-4911-845e-dc6a02f6006a
598,High,0.3,54,C,100,0,fff32de3-01d5-4994-9f78-744bd7cbe290
530,High,0.38,41,C,80,45,f0a3dde6-0423-49d9-9362-4e2903e5963f
552,High,0.35,45,C,100,90,2d5e467c-5acd-404f-aec7-d64bb743726c
592,High,0.3,53,C,80,30,2fc6548f-e978-4c84-b756-5cac9bcee261
659,Medium,0.22,65,B,100,45,077aa7ce-b081-4980-a0c6-1f8a4eea1796
531,High,0.37,42,C,80,100,75f8f3b1-f1ac-47e4-a8d6-d1826d2fe5b3
525,High,0.38,40,C,100,30,ae913a1d-327e-4347-9293-128bbb9bee07
610,Medium,0.28,56,B,100,75,975dc284-79a4-49d9-9d3c-1bb9a8120f89
648,Medium,0.24,63,B,100,90,717ed559-fae1-439d-af86-e40140684c56
570,High,0.33,49,C,80,15,1456b74a-2227-456d-89df-eaec73836292
698,Medium,0.18,72,B,100,75,09802388-8a21-4215-8d9a-7eab682c4eb0
691,Medium,0.19,71,B,100,100,2461a04c-dc07-4e11-a3ab-3474780d7a31
581,High,0.32,51,C,100,30,4351d985-2e00-4096-b239-ea170f6578db
541,High,0.36,43,C,80,60,2bbcccbe-15e0-4de6-9fe9-f3ef33090fee
524,High,0.38,40,C,100,100,ff1b911c-56d7-4176-b323-c1449b1d25b6
655,Medium,0.23,64,B,100,0,2684debd-bfb8-4d9f-9d48-f35343172bb5
520,High,0.39,40,C,80,75,14a612c6-5793-4027-ae63-f7d5bf12cc6f
499,High,0.41,36,D,100,100,b45be878-5567-4668-88bc-7e747afb9d19
568,High,0.33,48,C,60,15,061f0274-de48-4ff9-9b0e-62671cdf462f
522,High,0.39,40,C,100,75,e41c929c-24da-4552-aba4-deb96725dedb
554,High,0.35,46,C,80,100,b32086c4-d65e-4d21-9f40-6bc6b2abc511
649,Medium,0.24,63,B,100,0,e013a539-7ee1-4eec-a1ef-0537ca18256e
445,High,0.48,26,D,80,60,8c5e03b3-7f4e-4b03-91fa-026cd0e060b0
524,High,0.38,40,C,80,90,c8860406-a924-4cb3-ba81-3d6a17714ff8
655,Medium,0.23,64,B,80,30,4a321dba-579f-4c1a-a5b9-55cc1b3b221d
438,High,0.48,25,D,80,60,d82a49fd-ff04-4e06-9bd2-c4b358dc2a0a
650,Medium,0.23,63,B,100,100,4c383322-5c6a-42c4-8bc7-0a0c99e87ae3
453,High,0.47,27,D,100,0,a232915b-696b-4860-9dd4-e32ff6faa658
471,High,0.45,31,D,100,45,b8d1c138-3d96-4436-bced-550f3d9106b3
604,Medium,0.29,55,B,60,90,c068845a-906b-48b3-bf19-401c88a18c65
451,High,0.47,27,D,100,0,57b72088-031d-474c-9ade-fbf563b0e60f
665,Medium,0.22,66,B,100,75,5f2e3d8e-7241-4a4f-8ff8-2b979ff79c63
636,Medium,0.25,61,B,100,90,2bce19f5-9bcf-4fd5-9b45-58493def9a91
582,High,0.31,51,C,80,0,41b26266-3044-4e18-9ba7-eb1b36c89382
654,Medium,0.23,64,B,100,60,d8ac6c24-af06-4482-8d75-6e43e617cc49
520,High,0.39,40,C,100,100,ccbaf25c-ee87-4d6f-9468-fb6e63725614
547,High,0.36,45,C,100,0,44543045-159b-4334-8bd0-ee5632ca54bf
499,High,0.41,36,D,80,75,86e11f28-983f-4a3a-8327-2614e475f7f2
497,High,0.42,35,D,100,90,d5f00ee6-b707-4493-9f2e-c6f1e6310bf0
613,Medium,0.28,57,B,80,0,e33a1f15-9097-4526-95be-11419b1ed950
550,High,0.35,45,C,60,45,972ff7bc-07fe-4bf2-98be-28acf14dc0a8
505,High,0.41,37,C,100,100,86173d95-212a-4038-9c8d-7a35cf9a8db4
495,High,0.42,35,D,80,0,c47e84b2-168c-4799-ae4b-527efd9e5277
614,Medium,0.28,57,B,100,75,fd40f6b4-c149-4f19-ab83-987b2e130056
556,High,0.34,46,C,100,100,7bba6efb-97bf-4c26-8c0b-a4f94085c817
488,High,0.43,34,D,100,30,0e97f003-4610-4535-b046-7ae5665faa63
665,Medium,0.22,66,B,100,45,6d3ea952-104a-45db-85ac-31eabfdaea0d
551,High,0.35,45,C,100,90,44e01b9a-f068-4fa2-a437-ed3e5e84a487
639,Medium,0.25,61,B,100,0,a4d1a185-8d0d-4cfd-a849-6d8b263df02d
676,Medium,0.2,68,B,100,45,250018c5-d3e6-46fe-8a7c-a8195066963e
688,Medium,0.19,70,B,100,100,4c64a949-96be-4220-a7f5-ff58ce4d80d7
477,High,0.44,32,D,60,30,ddc32feb-e7dd-49bb-b56d-27217f9e4e11
566,High,0.33,48,C,100,45,806d5e54-0b02-4447-88d2-f539c614d278
567,High,0.33,48,C,100,100,98a06f52-9eb9-4744-b9f1-eed26ba29694
674,Medium,0.21,68,B,100,30,6d8ae2e7-4b8f-42b5-af29-8fb9935f20a7
632,Medium,0.26,60,B,80,60,cfa5c5bd-7edd-40e8-a4ec-b4d2e8c3358d
634,Medium,0.25,60,B,80,100,de5e81bd-c288-4821-afb1-6a6e91d7a595
534,High,0.37,42,C,100,0,9917b1ca-9dd0-484b-ac81-8d1a665e2951
475,High,0.44,31,D,80,60,cd016bf7-c7b3-485f-b56c-4ab972e81a54
575,High,0.32,50,C,80,100,c06bb342-db3d-4fe7-bb41-e9c177f12421
660,Medium,0.22,65,B,80,0,d1207d02-6d74-4622-a5c3-a73a8adc57fd
567,High,0.33,48,C,100,60,889a4ec7-f285-4a44-a072-24916ce4115f
